Vivec, Vivec: St. Delyn, 4, Walk SW
Vivec, Palace of Vivec, 4, Walk S
Vivec, Vivec: St. Olms, 4, Walk SE
Vivec: Hlaalu, Vivec, 4, Walk E
Vivec: Redoran, Vivec, 4, Walk SE
Palace of Vivec, Vivec, 4, Walk N
Silt Strider: Vivec, Vivec, 4, Walk S
Vivec, Vivec: Redoran, 4, Walk NW
Vivec, Vivec: Telvanni, 4, Walk E
Vivec, Silt Strider: Vivec, 4, Walk N
Vivec, Boat Transport: Vivec, 4, Walk N
Vivec, Vivec: Arena, 4, Walk NE
Vivec: Foreign Quarter, Vivec, 4, Walk S
Vivec, Vivec: Foreign Quarter, 4, Walk N
Vivec, Vivec: Hlaalu, 4, Walk W
Boat Transport: Vivec, Vivec, 4, Walk S
Vivec: Temple, Vivec, 4, Walk N
Vivec: St. Olms, Vivec, 4, Walk NW
Vivec, Vivec, 4, Walk SW
Vivec: Telvanni, Vivec, 4, Walk W
Vivec: St. Delyn, Vivec, 4, Walk NE
Vivec, Vivec: Temple, 4, Walk S
Vivec: Arena, Vivec, 4, Walk SW
Vivec, Vivec, 4, Walk NE

Thormoor's Watch, Thormoor Gray-Wave, 1.0, Walk S
Thormoor Gray-Wave, Thormoor's Watch, 1.0, Walk N
Tyermaillin's House, Rithleen's House, 2.0, Walk W
Rithleen's House, Tyermaillin's House, 2.0, Walk E
Fast Eddie's House, Itan's House, 6.082762530298219, Walk E
Itan's House, Fast Eddie's House, 6.082762530298219, Walk W
Missing Supply Ship, Apronia Alfena, 20.0, Walk S
Apronia Alfena, Missing Supply Ship, 20.0, Walk N
Balyn Omarel's House, Rarayn Radarys' House, 31.016124838541646, Walk W
Rarayn Radarys' House, Balyn Omarel's House, 31.016124838541646, Walk E
Aldi's Shack, Khuul, 49.4064773081425, Walk SW
Khuul, Aldi's Shack, 49.4064773081425, Walk NE
Tel Naga Great Hall, Tel Naga Upper Hall, 50.0, Walk SE
Tel Naga Upper Hall, Tel Naga Great Hall, 50.0, Walk NW
Census and Excise Office, Census and Excise Warehouse, 98.18350166906862, Walk SE
Census and Excise Warehouse, Census and Excise Office, 98.18350166906862, Walk NW
Nadene Rotheran's Shack, Gnaar Mok, 111.6288493177279, Walk N
Gnaar Mok, Nadene Rotheran's Shack, 111.6288493177279, Walk S
Wolverine Hall: Fighter's Guild, Wolverine Hall: Imperial Cult Shrine, 133.5065541462291, Walk S
Wolverine Hall: Imperial Cult Shrine, Wolverine Hall: Fighter's Guild, 133.5065541462291, Walk N
Hawkmoth Legion Garrison, Hawkmoth Legion, 135.14806694880988, Walk E
Hawkmoth Legion, Hawkmoth Legion Garrison, 135.14806694880988, Walk W
Chun-Ook, Boat Transport: Ebonheart, 174.62244987400675, Walk SE
Boat Transport: Ebonheart, Chun-Ook, 174.62244987400675, Walk NW
Tower Entry, Tower Living Quarters, 195.0102561405425, Walk NE
Tower Living Quarters, Tower Entry, 195.0102561405425, Walk SW
Irgola: Pawnbroker, Odairan Ashummi-Ammus' House, 207.1955597979841, Walk NW
Odairan Ashummi-Ammus' House, Irgola: Pawnbroker, 207.1955597979841, Walk SE
Curtain Wall, Fort Frostmoth, 214.55302374937528, Walk NW
Fort Frostmoth, Curtain Wall, 214.55302374937528, Walk SE
Elf-Skerring, Boat Transport: Sadrith Mora, 223.33159203301264, Walk SE
Boat Transport: Sadrith Mora, Elf-Skerring, 223.33159203301264, Walk NW
Wise Woman's Yurt, Urshilaku Camp, 230.3388807822075, Walk S
Urshilaku Camp, Wise Woman's Yurt, 230.3388807822075, Walk N
Wolverine Hall, Wolverine Hall: Imperial Cult Shrine, 232.0, Walk NE
Wolverine Hall: Imperial Cult Shrine, Wolverine Hall, 232.0, Walk SW
Tower Living Quarters, Upper Tower, 245.80073230159425, Walk NE
Upper Tower, Tower Living Quarters, 245.80073230159425, Walk SW
Prison, Interior, 248.0080643850115, Walk W
Interior, Prison, 248.0080643850115, Walk E
Ald Skar Inn, Ald'ruhn, 262.9676786222976, Walk SE
Ald'ruhn, Ald Skar Inn, 262.9676786222976, Walk NW
Hall of Processing, Gondola, 267.0599183703912, Walk E
Gondola, Hall of Processing, 267.0599183703912, Walk W
Wise Woman's Yurt, Ahemmusa Camp, 269.6312296452323, Walk E
Ahemmusa Camp, Wise Woman's Yurt, 269.6312296452323, Walk W
Communal Hut, Rotheran, 270.1184925176357, Walk NE
Rotheran, Communal Hut, 270.1184925176357, Walk SW
Helvi's Shack, Dren Plantation, 283.0688962072661, Walk SW
Dren Plantation, Helvi's Shack, 283.0688962072661, Walk NE
Wolverine Hall, Wolverine Hall: Imperial Cult Shrine, 286.77517326295873, Walk NW
Wolverine Hall: Imperial Cult Shrine, Wolverine Hall, 286.77517326295873, Walk SE
Waist North-Two, Canal North-Three, 287.3673607075097, Walk N
Canal North-Three, Waist North-Two, 287.3673607075097, Walk S
Waist North-One, Canal North-One, 291.247317584214, Walk N
Canal North-One, Waist North-One, 291.247317584214, Walk S
General Quarters, Prison, 304.16442921551493, Walk E
Prison, General Quarters, 304.16442921551493, Walk W
Karlirah's House, Vori's House, 304.54063768239536, Walk N
Vori's House, Karlirah's House, 304.54063768239536, Walk S
Southern Tower, Jail, 306.5371103145588, Walk SE
Jail, Southern Tower, 306.5371103145588, Walk NW
Waist North-One, Canal North-One, 308.60978597575286, Walk NW
Canal North-One, Waist North-One, 308.60978597575286, Walk SE
Lower Waistworks, Upper Waistworks, 310.84562084739105, Walk SE
Upper Waistworks, Lower Waistworks, 310.84562084739105, Walk NW
Southern Tower, Aryon's Chambers, 315.9810120877519, Walk NE
Aryon's Chambers, Southern Tower, 315.9810120877519, Walk SW
Canal South-One, Waist South-One, 320.4325201973108, Walk NE
Waist South-One, Canal South-One, 320.4325201973108, Walk SW
Upper Waistworks, Lower Waistworks, 321.5960198758685, Walk S
Lower Waistworks, Upper Waistworks, 321.5960198758685, Walk N
Upper Waistworks, Lower Waistworks, 322.0, Walk N
Lower Waistworks, Upper Waistworks, 322.0, Walk S
Grand Council Chambers Tower, Grand Council Chambers, 323.5938812771342, Walk SW
Grand Council Chambers, Grand Council Chambers Tower, 323.5938812771342, Walk NE
Tower, Castle Karstaag, 328.39762483915746, Walk SW
Castle Karstaag, Tower, 328.39762483915746, Walk NE
Codus Callonus: Bookseller, Daynes Redothril: Pawnbroker, 329.02887411289606, Walk N
Daynes Redothril: Pawnbroker, Codus Callonus: Bookseller, 329.02887411289606, Walk S
Runethyne Andas's Farmhouse, Thilse Aralas's Farmhouse, 331.42118218363777, Walk SE
Thilse Aralas's Farmhouse, Runethyne Andas's Farmhouse, 331.42118218363777, Walk NW
Waist South-Two, Canal South-Two, 333.16962646675944, Walk SE
Canal South-Two, Waist South-Two, 333.16962646675944, Walk NW
Hrothmund's Barrow, Snow Wolf, 335.9121909070881, Walk SE
Snow Wolf, Hrothmund's Barrow, 335.9121909070881, Walk NW
Lower Waistworks, Upper Waistworks, 337.5574025258519, Walk NE
Upper Waistworks, Lower Waistworks, 337.5574025258519, Walk SW
Waist South-Two, Canal South-Three, 340.3307215048327, Walk SE
Canal South-Three, Waist South-Two, 340.3307215048327, Walk NW
Dralcea Arethi's House, Nine Toes' House, 341.29898915760066, Walk NW
Nine Toes' House, Dralcea Arethi's House, 341.29898915760066, Walk SE
Hlaalu Plaza, Vivec: Hlaalu, 342.11255457816804, Walk E
Vivec: Hlaalu, Hlaalu Plaza, 342.11255457816804, Walk W
Prison Towers, Interior, 343.0714211355997, Walk N
Interior, Prison Towers, 343.0714211355997, Walk S
Upper Level, Falasmaryon, 343.4719784785944, Walk S
Falasmaryon, Upper Level, 343.4719784785944, Walk N
Waist North-Two, Canal North-Three, 347.2002304146701, Walk NW
Canal North-Three, Waist North-Two, 347.2002304146701, Walk SE
South Wall, Fort Pelagiad, 352.0, Walk E
Fort Pelagiad, South Wall, 352.0, Walk W
Lower Waistworks, Upper Waistworks, 363.8969634388284, Walk SW
Upper Waistworks, Lower Waistworks, 363.8969634388284, Walk NE
Tower Guardpost, Lower Tower, 364.5490364820623, Walk E
Lower Tower, Tower Guardpost, 364.5490364820623, Walk W
Hawkmoth Legion Garrison, Hawkmoth Legion, 368.00135869314397, Walk S
Hawkmoth Legion, Hawkmoth Legion Garrison, 368.00135869314397, Walk N
Jolda: Apothecary, Tel Mora, 369.89187609354167, Walk E
Tel Mora, Jolda: Apothecary, 369.89187609354167, Walk W
Tel Naga Upper Tower, Tel Naga Upper Hall, 375.22526567383494, Walk W
Tel Naga Upper Hall, Tel Naga Upper Tower, 375.22526567383494, Walk E
Waist South-One, Canal South-Three, 380.12761015216984, Walk SW
Canal South-Three, Waist South-One, 380.12761015216984, Walk NE
Valvius Mevureius' House, Guild of Mages, 381.0, Walk S
Guild of Mages, Valvius Mevureius' House, 381.0, Walk N
Propylon Chamber, Andasreth, 381.22172026263144, Walk S
Andasreth, Propylon Chamber, 381.22172026263144, Walk N
Prison Towers, Moonmoth Legion Fort, 382.19628464965484, Walk NW
Moonmoth Legion Fort, Prison Towers, 382.19628464965484, Walk SE
Census and Excise Office, Census and Excise Warehouse, 384.33448973517847, Walk E
Census and Excise Warehouse, Census and Excise Office, 384.33448973517847, Walk W
Baro Egnatius, Boat Transport: Raven Rock, 385.7512151633485, Walk NW
Boat Transport: Raven Rock, Baro Egnatius, 385.7512151633485, Walk SE
Hecerinde's House, Dralosa Athren's House, 391.8086267554608, Walk SW
Dralosa Athren's House, Hecerinde's House, 391.8086267554608, Walk NE
Lower Waistworks, Upper Waistworks, 393.35734389992007, Walk NW
Upper Waistworks, Lower Waistworks, 393.35734389992007, Walk SE
Fanar Fork-Beard's House, Mette's House, 395.56668211567063, Walk W
Mette's House, Fanar Fork-Beard's House, 395.56668211567063, Walk E
Fanisea Irano's Farmhouse, Ienasa Radas's Farmhouse, 404.42180950092194, Walk SE
Ienasa Radas's Farmhouse, Fanisea Irano's Farmhouse, 404.42180950092194, Walk NW
Sados Relothan's House, Raven Rock, 404.82094807457776, Walk N
Raven Rock, Sados Relothan's House, 404.82094807457776, Walk S
Waistworks, Molag Mar, 404.93085829558606, Walk N
Molag Mar, Waistworks, 404.93085829558606, Walk S
Upper Level, Telasero, 414.09781453178425, Walk SW
Telasero, Upper Level, 414.09781453178425, Walk NE
Patababi's Yurt, Zainab Camp, 415.07710127155894, Walk NE
Zainab Camp, Patababi's Yurt, 415.07710127155894, Walk SW
Indarys Manor, Bal Isra, 426.1419951143046, Walk E
Bal Isra, Indarys Manor, 426.1419951143046, Walk W
Wise Woman's Yurt, Erabenimsun Camp, 427.15922090012293, Walk E
Erabenimsun Camp, Wise Woman's Yurt, 427.15922090012293, Walk W
Menus Felas's Farmhouse, Ulvil Llothas's Farmhouse, 438.8826722485179, Walk NW
Ulvil Llothas's Farmhouse, Menus Felas's Farmhouse, 438.8826722485179, Walk SE
Towers, Buckmoth Legion Fort, 442.83179650969055, Walk E
Buckmoth Legion Fort, Towers, 442.83179650969055, Walk W
Drarayne Thelas' House, Drarayne Thelas' Storage, 449.6087187766714, Walk SE
Drarayne Thelas' Storage, Drarayne Thelas' House, 449.6087187766714, Walk NW
Kausha's Yurt, Arlowe, 452.3549491273418, Walk NW
Arlowe, Kausha's Yurt, 452.3549491273418, Walk SE
Supply Ship, Apronia Alfena, 455.12635608147326, Walk N
Apronia Alfena, Supply Ship, 455.12635608147326, Walk S
Assurnabitashpi, Ashurnabitashpi, 461.70553386330556, Walk S
Ashurnabitashpi, Assurnabitashpi, 461.70553386330556, Walk N
Telvanni Plaza, Vivec: Telvanni, 463.0259172011865, Walk W
Vivec: Telvanni, Telvanni Plaza, 463.0259172011865, Walk E
Surane Leoriane's House, Caldera, 472.06037749423535, Walk S
Caldera, Surane Leoriane's House, 472.06037749423535, Walk N
Madran Ulvel's House, Nirasa Aren's House, 487.82066376897154, Walk N
Nirasa Aren's House, Madran Ulvel's House, 487.82066376897154, Walk S
Endris Dilmyn's Shack, Khuul, 489.3505900681024, Walk NE
Khuul, Endris Dilmyn's Shack, 489.3505900681024, Walk SW
North Guard Towers, Dro'Shavir's House, 490.0826460914526, Walk S
Dro'Shavir's House, North Guard Towers, 490.0826460914526, Walk N
Yeherradad's Hut, Tashpi Ashibael's Hut, 503.0506932705689, Walk E
Tashpi Ashibael's Hut, Yeherradad's Hut, 503.0506932705689, Walk W
Ferele Athram: Trader, Tel Aruhn, 505.40775617317155, Walk SW
Tel Aruhn, Ferele Athram: Trader, 505.40775617317155, Walk NE
Maar Gan Shrine, Guard Tower 1, 507.4455635829325, Walk SW
Guard Tower 1, Maar Gan Shrine, 507.4455635829325, Walk NE
Keep, Fort Firemoth, 511.3051926198286, Walk SE
Fort Firemoth, Keep, 511.3051926198286, Walk NW
Caldera Mining Company, Mining Company Office, 516.9342317935619, Walk NW
Mining Company Office, Caldera Mining Company, 516.9342317935619, Walk SE
East Empire Company , East Empire Company Hall, 518.5209735391617, Walk NW
East Empire Company Hall, East Empire Company , 518.5209735391617, Walk SE
Almu Cave Dwelling, Lasamsi Cave Dwelling, 527.6030704990258, Walk E
Lasamsi Cave Dwelling, Almu Cave Dwelling, 527.6030704990258, Walk W
Ganus Lloryn's Shack, Ald Velothi, 537.2494765004429, Walk SE
Ald Velothi, Ganus Lloryn's Shack, 537.2494765004429, Walk NW
Fedar Davus's House, Evos Goran's House, 544.0974177479618, Walk SE
Evos Goran's House, Fedar Davus's House, 544.0974177479618, Walk NW
Galthragoth's House, Braynas Hlervu's House, 545.2201390264303, Walk NE
Braynas Hlervu's House, Galthragoth's House, 545.2201390264303, Walk SW
Massarapal's Yurt, Han-Ammu's Yurt, 545.9899266470032, Walk NW
Han-Ammu's Yurt, Massarapal's Yurt, 545.9899266470032, Walk SE
Ashibaal's Yurt, Minassour's Yurt, 546.3451290164487, Walk SW
Minassour's Yurt, Ashibaal's Yurt, 546.3451290164487, Walk NE
Maeli's Yurt, Zabamund's Yurt, 546.4650034540181, Walk S
Zabamund's Yurt, Maeli's Yurt, 546.4650034540181, Walk N
Lanabi's Yurt, Assamma-Idan's Yurt, 546.6936985186495, Walk NE
Assamma-Idan's Yurt, Lanabi's Yurt, 546.6936985186495, Walk SW
Ashkhan's Yurt, Dutadalk's Yurt, 546.8034381749991, Walk W
Dutadalk's Yurt, Ashkhan's Yurt, 546.8034381749991, Walk E
Ashkhan's Yurt, Ashur-Dan's Yurt, 547.6139150898194, Walk E
Ashur-Dan's Yurt, Ashkhan's Yurt, 547.6139150898194, Walk W
Ashkhan's Yurt, Ashu-Ahhe's Yurt, 547.6175672857838, Walk S
Ashu-Ahhe's Yurt, Ashkhan's Yurt, 547.6175672857838, Walk N
Ashkhan's Yurt, Zanummu's Yurt, 547.9598525439615, Walk NE
Zanummu's Yurt, Ashkhan's Yurt, 547.9598525439615, Walk SW
Kurapli's Yurt, Zanummu's Yurt, 549.9863634673136, Walk S
Zanummu's Yurt, Kurapli's Yurt, 549.9863634673136, Walk N
Upper Tower, Lower Tower, 550.0881747501941, Walk E
Lower Tower, Upper Tower, 550.0881747501941, Walk W
Ashu-Ahhe's Yurt, Ranabi's Yurt, 550.1754265686536, Walk SE
Ranabi's Yurt, Ashu-Ahhe's Yurt, 550.1754265686536, Walk NW
Dutadalk's Yurt, Kausi's Yurt, 550.5778782334066, Walk SW
Kausi's Yurt, Dutadalk's Yurt, 550.5778782334066, Walk NE
Caius Cosades' House, Vorar Helas' House, 555.0063062704784, Walk S
Vorar Helas' House, Caius Cosades' House, 555.0063062704784, Walk N
Slave Shack One, Mining Bunkhouse, 562.7361726422072, Walk N
Mining Bunkhouse, Slave Shack One, 562.7361726422072, Walk S
Puzzle Canal: Lvl. 2, Puzzle Canal: Lvl. 1, 567.5156385510447, Walk SW
Puzzle Canal: Lvl. 1, Puzzle Canal: Lvl. 2, 567.5156385510447, Walk NE
Drinar Varyon's House, Ald'ruhn, 569.2319386682374, Walk N
Ald'ruhn, Drinar Varyon's House, 569.2319386682374, Walk S
Puzzle Canal: Lvl. 3, Puzzle Canal: Lvl. 4, 570.1973342624464, Walk NW
Puzzle Canal: Lvl. 4, Puzzle Canal: Lvl. 3, 570.1973342624464, Walk SE
Puzzle Canal: Lvl. 2, Puzzle Canal: Lvl. 3, 571.9877621068479, Walk NE
Puzzle Canal: Lvl. 3, Puzzle Canal: Lvl. 2, 571.9877621068479, Walk SW
Aryne Telnim: Smith, Plot and Plaster, 572.8682221942495, Walk SW
Plot and Plaster, Aryne Telnim: Smith, 572.8682221942495, Walk NE
Puzzle Canal: Lvl. 2, Puzzle Canal: Lvl. 1, 572.8813140607747, Walk SE
Puzzle Canal: Lvl. 1, Puzzle Canal: Lvl. 2, 572.8813140607747, Walk NW
Surane Leoriane's House, Keel-Raniur's House, 577.6028047023318, Walk W
Keel-Raniur's House, Surane Leoriane's House, 577.6028047023318, Walk E
Puzzle Canal: Lvl. 3, Puzzle Canal: Lvl. 4, 578.261186662221, Walk NE
Puzzle Canal: Lvl. 4, Puzzle Canal: Lvl. 3, 578.261186662221, Walk SW
St. Olms Waistworks, Vivec: St. Olms, 581.6063961133852, Walk NE
Vivec: St. Olms, St. Olms Waistworks, 581.6063961133852, Walk SW
Eldafire's House, Vodunius Nuccius' House, 590.4066395290622, Walk SE
Vodunius Nuccius' House, Eldafire's House, 590.4066395290622, Walk NW
Elmussa Damori's House, Bashuk gra-Bat's House, 591.805711361423, Walk SW
Bashuk gra-Bat's House, Elmussa Damori's House, 591.805711361423, Walk NE
Elmussa Damori's House, Hodlismod: Armorer, 593.6977345417447, Walk E
Hodlismod: Armorer, Elmussa Damori's House, 593.6977345417447, Walk W
Lower Tower, Upper Tower, 594.2432162002357, Walk NW
Upper Tower, Lower Tower, 594.2432162002357, Walk SE
Andus Tradehouse, Garry's Hut, 597.0008375203505, Walk S
Garry's Hut, Andus Tradehouse, 597.0008375203505, Walk N
Boat Transport to Solstheim, Boat Transport: Khuul, 597.271295141496, Walk W
Boat Transport: Khuul, Boat Transport to Solstheim, 597.271295141496, Walk E
Falanaamo: Clothier, Guild of Mages, 604.0206950096991, Walk W
Guild of Mages, Falanaamo: Clothier, 604.0206950096991, Walk E
Arena Waistworks, Vivec: Arena, 604.9437990425226, Walk SE
Vivec: Arena, Arena Waistworks, 604.9437990425226, Walk NW
Vaden Belas' House, Morag Tong Guild, 605.5229145127375, Walk NW
Morag Tong Guild, Vaden Belas' House, 605.5229145127375, Walk SE
Ganus Lloryn's Shack, Vireveri Darethran's Shack, 607.049421381818, Walk N
Vireveri Darethran's Shack, Ganus Lloryn's Shack, 607.049421381818, Walk S
Assi Serimilk's Hut, Garry's Hut, 609.8827756216764, Walk W
Garry's Hut, Assi Serimilk's Hut, 609.8827756216764, Walk E
Ra'Virr: Trader, Tsiya's House, 611.8733529089169, Walk E
Tsiya's House, Ra'Virr: Trader, 611.8733529089169, Walk W
Verara Rendo: Clothier, Suran Tradehouse, 617.4139616173253, Walk SE
Suran Tradehouse, Verara Rendo: Clothier, 617.4139616173253, Walk NW
Fjorrod's House, Itar the Gentle's House, 619.0201935316811, Walk S
Itar the Gentle's House, Fjorrod's House, 619.0201935316811, Walk N
Ralds Oril: Trader, Ibarnadad Assirnarari: Apothecary, 619.3230174957168, Walk SE
Ibarnadad Assirnarari: Apothecary, Ralds Oril: Trader, 619.3230174957168, Walk NW
Karlirah's House, Guild of Mages, 619.728973019658, Walk W
Guild of Mages, Karlirah's House, 619.728973019658, Walk E
Fadila Balvel's House, Hla Oad, 619.8870864923708, Walk NW
Hla Oad, Fadila Balvel's House, 619.8870864923708, Walk SE
Galthragoth's House, Pellecia Aurrus's House, 623.5198473184314, Walk W
Pellecia Aurrus's House, Galthragoth's House, 623.5198473184314, Walk E
Gindrala Hleran's House, Tauryon's House, 627.9936305409475, Walk E
Tauryon's House, Gindrala Hleran's House, 627.9936305409475, Walk W
Halfway Tavern, Pelagiad, 636.2546659946786, Walk S
Pelagiad, Halfway Tavern, 636.2546659946786, Walk N
Shenk's Shovel, South Guard Towers, 640.8057427957399, Walk SE
South Guard Towers, Shenk's Shovel, 640.8057427957399, Walk NW
Meldor: Armorer, Dorisa Darvel: Bookseller, 642.1370570213185, Walk N
Dorisa Darvel: Bookseller, Meldor: Armorer, 642.1370570213185, Walk S
Hawkmoth Towers, Skyrim Mission, 643.2868722428586, Walk S
Skyrim Mission, Hawkmoth Towers, 643.2868722428586, Walk N
Ainab's Yurt, Erabenimsun Camp, 644.6060812620372, Walk SW
Erabenimsun Camp, Ainab's Yurt, 644.6060812620372, Walk NE
Foreign Quarter Plaza, Vivec: Foreign Quarter, 645.8118921172015, Walk W
Vivec: Foreign Quarter, Foreign Quarter Plaza, 645.8118921172015, Walk E
Manos Vavyn's House, Fedar Davus's House, 646.4673232267816, Walk NE
Fedar Davus's House, Manos Vavyn's House, 646.4673232267816, Walk SW
Salattanat's Yurt, Erabenimsun Camp, 646.5059937850538, Walk NW
Erabenimsun Camp, Salattanat's Yurt, 646.5059937850538, Walk SE
Canal North-Three, Vivec, 648.2568935229305, Walk E
Vivec, Canal North-Three, 648.2568935229305, Walk W
Rostlogi's Shack, Caryarel's Shack, 649.4813315253949, Walk E
Caryarel's Shack, Rostlogi's Shack, 649.4813315253949, Walk W
Redoran Waistworks, Vivec: Redoran, 657.3165143216775, Walk SW
Vivec: Redoran, Redoran Waistworks, 657.3165143216775, Walk NE
Elegnan: Clothier, Kirsty's House, 657.8518070203958, Walk NE
Kirsty's House, Elegnan: Clothier, 657.8518070203958, Walk SW
Shishara Hut, Man-llu Hut, 658.4079282633222, Walk N
Man-llu Hut, Shishara Hut, 658.4079282633222, Walk S
Garothmuk gro-Muzgub: Smith, Suran, 660.5043527487159, Walk N
Suran, Garothmuk gro-Muzgub: Smith, 660.5043527487159, Walk S
Imperial Chapels, Grand Council Chambers, 660.7397369615362, Walk E
Grand Council Chambers, Imperial Chapels, 660.7397369615362, Walk W
Menus Felas's Farmhouse, Mandyn Ralas's Farmhouse, 661.777152824121, Walk SW
Mandyn Ralas's Farmhouse, Menus Felas's Farmhouse, 661.777152824121, Walk NE
Erna the Quiet, Isild River, 662.815962390768, Walk W
Isild River, Erna the Quiet, 662.815962390768, Walk E
Tower Lower, Uvirith's Grave, 664.8383262117189, Walk E
Uvirith's Grave, Tower Lower, 664.8383262117189, Walk W
Foryn Gilnith's Shack, Indrele Rathryon's Shack, 666.985007327751, Walk NE
Indrele Rathryon's Shack, Foryn Gilnith's Shack, 666.985007327751, Walk SW
Slave Shack Two, Slave Shack One, 667.2720584589167, Walk NW
Slave Shack One, Slave Shack Two, 667.2720584589167, Walk SE
Heifnir: Trader, End of the World, 668.1990721334473, Walk NW
End of the World, Heifnir: Trader, 668.1990721334473, Walk SE
Upper Level, Falensarano, 670.3916765593082, Walk NW
Falensarano, Upper Level, 670.3916765593082, Walk SE
Ervyna Hlervu's Shack, Boat Transport: Tel Branora, 673.4842240171629, Walk NW
Boat Transport: Tel Branora, Ervyna Hlervu's Shack, 673.4842240171629, Walk SE
Palace of Vivec, Puzzle Canal: Lvl. 1, 673.7506957324794, Walk E
Puzzle Canal: Lvl. 1, Palace of Vivec, 673.7506957324794, Walk W
Murberius Harmevus' House, Pelagiad, 674.4627491566899, Walk N
Pelagiad, Murberius Harmevus' House, 674.4627491566899, Walk S
St. Delyn Waistworks, Vivec: St. Delyn, 680.3293320150176, Walk NW
Vivec: St. Delyn, St. Delyn Waistworks, 680.3293320150176, Walk SE
St. Olms Underworks, St. Delyn Underworks, 682.4456022277526, Walk NW
St. Delyn Underworks, St. Olms Underworks, 682.4456022277526, Walk SE
Six Fishes, Hawkmoth Legion Garrison, 682.8418557762844, Walk NW
Hawkmoth Legion Garrison, Six Fishes, 682.8418557762844, Walk SE
Pellecia Aurrus's House, Ilmiril's House, 684.6911712589845, Walk NW
Ilmiril's House, Pellecia Aurrus's House, 684.6911712589845, Walk SE
Arelas' House, Uvirith's Grave, 687.4314511280379, Walk SE
Uvirith's Grave, Arelas' House, 687.4314511280379, Walk NW
Falvilo's Endeavor, Boat Transport: Vos, 689.2619240898194, Walk W
Boat Transport: Vos, Falvilo's Endeavor, 689.2619240898194, Walk E
Fine-Mouth's Shack, Erene Llenim's Shack, 691.5562160808042, Walk SE
Erene Llenim's Shack, Fine-Mouth's Shack, 691.5562160808042, Walk NW
East Empire Company , East Empire North Warehouse, 692.1040384219702, Walk E
East Empire North Warehouse, East Empire Company , 692.1040384219702, Walk W
Keep: Bottom Level, Hlormaren, 692.2607890094599, Walk SW
Hlormaren, Keep: Bottom Level, 692.2607890094599, Walk NE
Mebestien Ence: Trader, Pelagiad, 698.559231561648, Walk NW
Pelagiad, Mebestien Ence: Trader, 698.559231561648, Walk SE
Ahasour's Yurt, Urshilaku Camp, 703.8217103784168, Walk NW
Urshilaku Camp, Ahasour's Yurt, 703.8217103784168, Walk SE
Radras: Smith, Liette's House, 704.1200181787193, Walk W
Liette's House, Radras: Smith, 704.1200181787193, Walk E
Druegh-jigger's Rest, Jerian Dolbanitte's Shack, 704.5885324073903, Walk SE
Jerian Dolbanitte's Shack, Druegh-jigger's Rest, 704.5885324073903, Walk NW
Assi Serimilk's Hut, Ulisamsi Shaddarnuran's Hut, 709.6055242175049, Walk SE
Ulisamsi Shaddarnuran's Hut, Assi Serimilk's Hut, 709.6055242175049, Walk NW
Ministry of Truth, Gondola, 711.5012297951424, Walk NW
Gondola, Ministry of Truth, 711.5012297951424, Walk SE
Svadstar's Shack, Brurid's Shack, 711.7878897536822, Walk W
Brurid's Shack, Svadstar's Shack, 711.7878897536822, Walk E
Ababael Timsar-Dadisun's Yurt, Kummu's Yurt, 713.9502783807848, Walk SW
Kummu's Yurt, Ababael Timsar-Dadisun's Yurt, 713.9502783807848, Walk NE
Nelmyne Andules's Shack, Aldi's Shack, 714.0448165206438, Walk W
Aldi's Shack, Nelmyne Andules's Shack, 714.0448165206438, Walk E
Storage Shack, Dren Plantation, 714.2884571375909, Walk E
Dren Plantation, Storage Shack, 714.2884571375909, Walk W
Hurg's House, Anja Swift-Sailer's House, 715.0111887236451, Walk W
Anja Swift-Sailer's House, Hurg's House, 715.0111887236451, Walk E
Shurkul gro-Sharga's House, Relien Rirne's House, 715.7408748981715, Walk S
Relien Rirne's House, Shurkul gro-Sharga's House, 715.7408748981715, Walk N
Gildan's House, Tauryon's House, 718.5429701834122, Walk SW
Tauryon's House, Gildan's House, 718.5429701834122, Walk NE
Skyrim Mission, Argonian Mission, 720.5921176366003, Walk SE
Argonian Mission, Skyrim Mission, 720.5921176366003, Walk NW
Uryn Maren's House, South Storehouse, 724.0690574800169, Walk SW
South Storehouse, Uryn Maren's House, 724.0690574800169, Walk NE
Maela Kaushad's Farmhouse, Ienasa Radas's Farmhouse, 727.2317374812516, Walk W
Ienasa Radas's Farmhouse, Maela Kaushad's Farmhouse, 727.2317374812516, Walk E
Morag Tong Guild, Urtiso Faryon: Sorcerer, 729.9657526213131, Walk SW
Urtiso Faryon: Sorcerer, Morag Tong Guild, 729.9657526213131, Walk NE
Kind Erushara's Hut, Shilipuran Zama-Rasour's Hut, 730.7290879662585, Walk SW
Shilipuran Zama-Rasour's Hut, Kind Erushara's Hut, 730.7290879662585, Walk NE
Man-llu Hut, Shand Hut, 731.7793383254271, Walk E
Shand Hut, Man-llu Hut, 731.7793383254271, Walk W
Mining Guard Tower, Slave Shack One, 732.7891920600358, Walk NE
Slave Shack One, Mining Guard Tower, 732.7891920600358, Walk SW
Telvanni Waistworks, Gondola, 734.2942189613099, Walk S
Gondola, Telvanni Waistworks, 734.2942189613099, Walk N
Addut-Lamanu's Yurt, Massarapal's Yurt, 741.6906363167867, Walk W
Massarapal's Yurt, Addut-Lamanu's Yurt, 741.6906363167867, Walk E
Canodia Felannus' House, Shenk's Shovel, 743.2045478870538, Walk SE
Shenk's Shovel, Canodia Felannus' House, 743.2045478870538, Walk NW
General Quarters, Curtain Wall, 743.355903992159, Walk NW
Curtain Wall, General Quarters, 743.355903992159, Walk SE
The Covenant, Elegnan: Clothier, 745.236204166169, Walk E
Elegnan: Clothier, The Covenant, 745.236204166169, Walk W
South Guard Towers, Nedhelas' House, 747.3586822938502, Walk N
Nedhelas' House, South Guard Towers, 747.3586822938502, Walk S
Gateway Inn: North Wing, Gateway Inn, 747.8803380220662, Walk W
Gateway Inn, Gateway Inn: North Wing, 747.8803380220662, Walk E
Mabrelle Geles's Hut, Maar Gan, 747.9659083140086, Walk SE
Maar Gan, Mabrelle Geles's Hut, 747.9659083140086, Walk NW
Bevene Releth: Clothier, Dandera Selaro: Smith, 749.1895621269693, Walk NW
Dandera Selaro: Smith, Bevene Releth: Clothier, 749.1895621269693, Walk SE
Smith, Raven Rock, 750.2772820764334, Walk E
Raven Rock, Smith, 750.2772820764334, Walk W
Eastern Guard Tower, Balyn Omarel's House, 757.8317755280522, Walk S
Balyn Omarel's House, Eastern Guard Tower, 757.8317755280522, Walk N
Omavel's House, Seleth's House, 759.3819855645773, Walk E
Seleth's House, Omavel's House, 759.3819855645773, Walk W
Upper Tower, Tower Entry, 761.4519026176243, Walk N
Tower Entry, Upper Tower, 761.4519026176243, Walk S
Ienas Sarandas's House, Ald'ruhn, 763.6294913110677, Walk NW
Ald'ruhn, Ienas Sarandas's House, 763.6294913110677, Walk SE
Tower of Dusk, Ghostgate, 763.8488070292445, Walk E
Ghostgate, Tower of Dusk, 763.8488070292445, Walk W
Tower Upper, Uvirith's Grave, 764.5501945588661, Walk NW
Uvirith's Grave, Tower Upper, 764.5501945588661, Walk SE
Tiras Sadus: General Merchandise, Dandera Selaro: Smith, 765.9203613953607, Walk N
Dandera Selaro: Smith, Tiras Sadus: General Merchandise, 765.9203613953607, Walk S
Upper Tower, Lower Tower, 768.5883163306609, Walk NE
Lower Tower, Upper Tower, 768.5883163306609, Walk SW
Upper Level, Falensarano, 770.2032199361413, Walk E
Falensarano, Upper Level, 770.2032199361413, Walk W
Meluria Seleth's House, Vaden Belas' House, 770.6704873031016, Walk W
Vaden Belas' House, Meluria Seleth's House, 770.6704873031016, Walk E
Barracks and Armory, Tel Vos, 772.2072260734161, Walk SE
Tel Vos, Barracks and Armory, 772.2072260734161, Walk NW
Sethan's Tradehouse, Lower Tower, 774.9019292787959, Walk N
Lower Tower, Sethan's Tradehouse, 774.9019292787959, Walk S
Mebestien Ence: Trader, Uulernil : Armorer, 780.7329889277128, Walk E
Uulernil : Armorer, Mebestien Ence: Trader, 780.7329889277128, Walk W
Thilse Aralas's Farmhouse, Dreynos Elvul's Farmhouse, 781.2195594069569, Walk SW
Dreynos Elvul's Farmhouse, Thilse Aralas's Farmhouse, 781.2195594069569, Walk NE
Lledsea Relas's Shack, Ald Velothi, 786.836704786959, Walk NW
Ald Velothi, Lledsea Relas's Shack, 786.836704786959, Walk SE
Dinadad Hut, Yahaz Hut, 788.6095358287268, Walk S
Yahaz Hut, Dinadad Hut, 788.6095358287268, Walk N
Yeherradad's Hut, Assirari Zama-Rasour's Hut, 789.4669087428554, Walk W
Assirari Zama-Rasour's Hut, Yeherradad's Hut, 789.4669087428554, Walk E
Berwen: Trader, Nona's House, 790.7426888691416, Walk SE
Nona's House, Berwen: Trader, 790.7426888691416, Walk NW
Puzzle Canal: Lvl. 4, Puzzle Canal: Lvl. 5, 797.8677835330864, Walk N
Puzzle Canal: Lvl. 5, Puzzle Canal: Lvl. 4, 797.8677835330864, Walk S
Llerar Vinden's Shack, Vireveri Darethran's Shack, 800.3024428302091, Walk W
Vireveri Darethran's Shack, Llerar Vinden's Shack, 800.3024428302091, Walk E
Slavemaster's Shack, Slave Shack, 802.6786405529924, Walk S
Slave Shack, Slavemaster's Shack, 802.6786405529924, Walk N
Arena Underworks, Redoran Underworks, 808.2753243790138, Walk SW
Redoran Underworks, Arena Underworks, 808.2753243790138, Walk NE
Anja Swift-Sailer's House, Boat Transport: Dagon Fel, 813.9981572460714, Walk N
Boat Transport: Dagon Fel, Anja Swift-Sailer's House, 813.9981572460714, Walk S
Dinadad Hut, Abelmawia Hut, 815.5519603311612, Walk NE
Abelmawia Hut, Dinadad Hut, 815.5519603311612, Walk SW
Tussi's Yurt, Zainab Camp, 818.9810742624032, Walk W
Zainab Camp, Tussi's Yurt, 818.9810742624032, Walk E
Jerian Dolbanitte's Shack, Mush-Mere's Shack, 820.0219509257054, Walk E
Mush-Mere's Shack, Jerian Dolbanitte's Shack, 820.0219509257054, Walk W
Helga's Shack, Rivame Samandas's Shack, 822.5144375632564, Walk W
Rivame Samandas's Shack, Helga's Shack, 822.5144375632564, Walk E
Ghorak Manor, Verick Gemain: Trader, 823.7196124895898, Walk W
Verick Gemain: Trader, Ghorak Manor, 823.7196124895898, Walk E
Rostlogi's Shack, Anglalos's Shack, 826.6135735638509, Walk W
Anglalos's Shack, Rostlogi's Shack, 826.6135735638509, Walk E
Trilam Drolnor's Farmhouse, Dreynos Elvul's Farmhouse, 832.3971407927829, Walk NW
Dreynos Elvul's Farmhouse, Trilam Drolnor's Farmhouse, 832.3971407927829, Walk SE
Puzzle Canal: Lvl. 4, Puzzle Canal: Lvl. 5, 832.5406896963054, Walk N
Puzzle Canal: Lvl. 5, Puzzle Canal: Lvl. 4, 832.5406896963054, Walk S
Bildren Areleth: Apothecary, Ferele Athram: Trader, 835.8259388174072, Walk W
Ferele Athram: Trader, Bildren Areleth: Apothecary, 835.8259388174072, Walk E
Telvanni Waistworks, Vivec: Telvanni, 843.1494529441385, Walk N
Vivec: Telvanni, Telvanni Waistworks, 843.1494529441385, Walk S
Canal South-One, St. Delyn Waistworks, 854.5993213196463, Walk N
St. Delyn Waistworks, Canal South-One, 854.5993213196463, Walk S
Ald Skar Inn, Council Club, 855.5197250794397, Walk W
Council Club, Ald Skar Inn, 855.5197250794397, Walk E
St. Delyn Waistworks, Canal North-Two, 855.5618037289884, Walk N
Canal North-Two, St. Delyn Waistworks, 855.5618037289884, Walk S
Watch Tower, Dagon Fel, 859.5906002278061, Walk S
Dagon Fel, Watch Tower, 859.5906002278061, Walk N
Rigmor's Hut, Bronrod the Roarer's House, 866.6908329964036, Walk NE
Bronrod the Roarer's House, Rigmor's Hut, 866.6908329964036, Walk SW
Shurinbaal, Farvyn Oreyn, 867.6981041814025, Walk SE
Farvyn Oreyn, Shurinbaal, 867.6981041814025, Walk NW
Murudius Flaeus's House, Hla Oad, 870.7238368162433, Walk NE
Hla Oad, Murudius Flaeus's House, 870.7238368162433, Walk SW
St. Olms Waistworks, Canal North-Two, 872.0143347445614, Walk N
Canal North-Two, St. Olms Waistworks, 872.0143347445614, Walk S
Llirala's Shack, Sanctus Shrine, 872.5210599177535, Walk NE
Sanctus Shrine, Llirala's Shack, 872.5210599177535, Walk SW
Uulernil : Armorer, Ahnassi's House, 873.1471811785227, Walk S
Ahnassi's House, Uulernil : Armorer, 873.1471811785227, Walk N
Varo Tradehouse Entrance, Varo Tradehouse, 874.7205267969879, Walk N
Varo Tradehouse, Varo Tradehouse Entrance, 874.7205267969879, Walk S
Waistworks, Molag Mar Temple, 875.0022857113003, Walk S
Molag Mar Temple, Waistworks, 875.0022857113003, Walk N
Canal South-Two, St. Olms Waistworks, 882.0005668932419, Walk N
St. Olms Waistworks, Canal South-Two, 882.0005668932419, Walk S
Terurise Girvayne's House, Arrille's Tradehouse, 882.0232423241465, Walk N
Arrille's Tradehouse, Terurise Girvayne's House, 882.0232423241465, Walk S
Rethan's Shack, Verethi and Dralor, 886.892327173936, Walk E
Verethi and Dralor, Rethan's Shack, 886.892327173936, Walk W
Hall of Justice, Hall Underworks, 887.3809779345058, Walk NW
Hall Underworks, Hall of Justice, 887.3809779345058, Walk SE
Anis Seloth: Alchemist, Milara Vedran's House, 891.3057836679845, Walk NE
Milara Vedran's House, Anis Seloth: Alchemist, 891.3057836679845, Walk SW
Pierlette Rostorard: Apothecary, Volmyni Dral's House, 891.6036114776566, Walk N
Volmyni Dral's House, Pierlette Rostorard: Apothecary, 891.6036114776566, Walk S
Hleras Gidren's House, Urtisa Romayn's House, 896.9838348599154, Walk NW
Urtisa Romayn's House, Hleras Gidren's House, 896.9838348599154, Walk SE
Hlaalu Waistworks, Vivec: Hlaalu, 900.7136059813907, Walk NW
Vivec: Hlaalu, Hlaalu Waistworks, 900.7136059813907, Walk SE
Rethan Manor, Gols' House, 901.2446948526243, Walk N
Gols' House, Rethan Manor, 901.2446948526243, Walk S
Ahasour's Yurt, Shimsun's Yurt, 902.1363533302491, Walk SE
Shimsun's Yurt, Ahasour's Yurt, 902.1363533302491, Walk NW
Patchwork Airship, Snow Wolf, 905.3336401570418, Walk E
Snow Wolf, Patchwork Airship, 905.3336401570418, Walk W
Maeli's Yurt, Sakiran's Yurt, 905.3800307053386, Walk W
Sakiran's Yurt, Maeli's Yurt, 905.3800307053386, Walk E
Rolis Garvon's House, Nevrila Areloth's House, 905.9674387084781, Walk W
Nevrila Areloth's House, Rolis Garvon's House, 905.9674387084781, Walk E
Berendas' House, Indarys Manor, 905.9674387084781, Walk E
Indarys Manor, Berendas' House, 905.9674387084781, Walk W
Upper Waistworks, Foreign Quarter Plaza, 908.8058098405842, Walk NE
Foreign Quarter Plaza, Upper Waistworks, 908.8058098405842, Walk SW
Propylon Chamber, Berandas, 910.819960255593, Walk SE
Berandas, Propylon Chamber, 910.819960255593, Walk NW
Addammus's Yurt, Lanabi's Yurt, 912.908538682819, Walk N
Lanabi's Yurt, Addammus's Yurt, 912.908538682819, Walk S
Miron Garer's Shack, Helga's Shack, 913.2666642333991, Walk W
Helga's Shack, Miron Garer's Shack, 913.2666642333991, Walk E
End of the World Renter Rooms, End of the World, 913.9365404665688, Walk S
End of the World, End of the World Renter Rooms, 913.9365404665688, Walk N
Lambug's Hut, Gashna's Hut, 914.1115905621151, Walk W
Gashna's Hut, Lambug's Hut, 914.1115905621151, Walk E
Trilam Drolnor's Farmhouse, Vos Chapel, 916.3503696730852, Walk SE
Vos Chapel, Trilam Drolnor's Farmhouse, 916.3503696730852, Walk NW
Giron Manas's Shack, Boat Transport: Tel Branora, 921.9544457292888, Walk NE
Boat Transport: Tel Branora, Giron Manas's Shack, 921.9544457292888, Walk SW
Throne Room, Castle Karstaag, 923.5420943303018, Walk N
Castle Karstaag, Throne Room, 923.5420943303018, Walk S
Madres Navur's House, Pelagiad, 924.5247427732802, Walk SE
Pelagiad, Madres Navur's House, 924.5247427732802, Walk NW
Ienas Arvel's Shack, Sathas Rivul's Shack, 926.8144366592484, Walk W
Sathas Rivul's Shack, Ienas Arvel's Shack, 926.8144366592484, Walk E
Puzzle Canal: Lvl. 5, Hall Underworks, 928.9052696588603, Walk NE
Hall Underworks, Puzzle Canal: Lvl. 5, 928.9052696588603, Walk SW
Ababael Timsar-Dadisun's Yurt, Kuda's Yurt, 932.3674168481007, Walk E
Kuda's Yurt, Ababael Timsar-Dadisun's Yurt, 932.3674168481007, Walk W
Slave Shack, Storage Shack, 934.2472906035104, Walk SE
Storage Shack, Slave Shack, 934.2472906035104, Walk NW
Redoran Waistworks, Redoran Plaza, 936.1634472676233, Walk NW
Redoran Plaza, Redoran Waistworks, 936.1634472676233, Walk SE
Okur's House, Fadila Balvel's House, 937.6166594083106, Walk SW
Fadila Balvel's House, Okur's House, 937.6166594083106, Walk NE
Arena Waistworks, Arena Pit, 940.2536891711726, Walk SE
Arena Pit, Arena Waistworks, 940.2536891711726, Walk NW
Arena Waistworks, Arena Pit, 940.9144488209329, Walk NE
Arena Pit, Arena Waistworks, 940.9144488209329, Walk SW
Tsiya's House, Council Club, 941.0765112359356, Walk S
Council Club, Tsiya's House, 941.0765112359356, Walk N
Slave Shack, Slavemaster's Shack, 941.3872741863468, Walk N
Slavemaster's Shack, Slave Shack, 941.3872741863468, Walk S
Redoran Waistworks, Redoran Plaza, 944.6719007147402, Walk SW
Redoran Plaza, Redoran Waistworks, 944.6719007147402, Walk NE
Terurise Girvayne's House, Seyda Neen, 945.9175439751607, Walk SW
Seyda Neen, Terurise Girvayne's House, 945.9175439751607, Walk NE
Outpost (Maar Gan), Maar Gan, 947.0543806983842, Walk NE
Maar Gan, Outpost (Maar Gan), 947.0543806983842, Walk SW
St. Veloth's Hostel, Waistworks, 949.6578331167494, Walk W
Waistworks, St. Veloth's Hostel, 949.6578331167494, Walk E
Lower Level, Andasreth, 950.6965867194433, Walk NE
Andasreth, Lower Level, 950.6965867194433, Walk SW
Redoran Waistworks, Redoran Plaza, 951.1182891733289, Walk NE
Redoran Plaza, Redoran Waistworks, 951.1182891733289, Walk SW
St. Olms Waistworks, St. Olms Plaza, 952.1013601502731, Walk SE
St. Olms Plaza, St. Olms Waistworks, 952.1013601502731, Walk NW
St. Delyn Waistworks, St. Delyn Plaza, 952.8410150701952, Walk SE
St. Delyn Plaza, St. Delyn Waistworks, 952.8410150701952, Walk NW
Telvanni Waistworks, Telvanni Plaza, 955.197361805402, Walk SW
Telvanni Plaza, Telvanni Waistworks, 955.197361805402, Walk NE
Arena Waistworks, Arena Pit, 955.3020464753544, Walk SW
Arena Pit, Arena Waistworks, 955.3020464753544, Walk NE
Redoran Waistworks, Redoran Plaza, 955.8791764653104, Walk SE
Redoran Plaza, Redoran Waistworks, 955.8791764653104, Walk NW
Draren Thiralas' House, Fargoth's House, 955.9340981469381, Walk W
Fargoth's House, Draren Thiralas' House, 955.9340981469381, Walk E
Wise Woman's Yurt, Mamaea's Yurt, 956.4705954706606, Walk SW
Mamaea's Yurt, Wise Woman's Yurt, 956.4705954706606, Walk NE
Western Guard Tower South, Tyravel Manor, 958.9212689267039, Walk W
Tyravel Manor, Western Guard Tower South, 958.9212689267039, Walk E
Hlaalu Waistworks, Hlaalu Plaza, 959.1746452028432, Walk SW
Hlaalu Plaza, Hlaalu Waistworks, 959.1746452028432, Walk NE
Urtisa Romayn's House, Thervul Serethi: Healer, 959.4884053494342, Walk NW
Thervul Serethi: Healer, Urtisa Romayn's House, 959.4884053494342, Walk SE
Hlaalu Waistworks, Hlaalu Plaza, 960.5519246766413, Walk SE
Hlaalu Plaza, Hlaalu Waistworks, 960.5519246766413, Walk NW
Hlaalu Waistworks, Hlaalu Plaza, 961.4847892712604, Walk NE
Hlaalu Plaza, Hlaalu Waistworks, 961.4847892712604, Walk SW
Afer Flaccus' House, Vacant House, 962.4744152443742, Walk W
Vacant House, Afer Flaccus' House, 962.4744152443742, Walk E
Zelay's Yurt, Zalit's Yurt, 965.8654150553275, Walk W
Zalit's Yurt, Zelay's Yurt, 965.8654150553275, Walk E
Gratian Caerellius' House, Factor's Estate, 967.376865549306, Walk S
Factor's Estate, Gratian Caerellius' House, 967.376865549306, Walk N
Grand Council, Grand Council Chambers, 968.9071162913399, Walk N
Grand Council Chambers, Grand Council, 968.9071162913399, Walk S
Arena Waistworks, Arena Pit, 969.0005159957346, Walk NW
Arena Pit, Arena Waistworks, 969.0005159957346, Walk SE
Telvanni Waistworks, Telvanni Plaza, 971.0185374131639, Walk SE
Telvanni Plaza, Telvanni Waistworks, 971.0185374131639, Walk NW
Arrow, Boat Transport: Dagon Fel, 973.825959810068, Walk SW
Boat Transport: Dagon Fel, Arrow, 973.825959810068, Walk NE
St. Olms Waistworks, St. Olms Plaza, 976.701080167315, Walk NE
St. Olms Plaza, St. Olms Waistworks, 976.701080167315, Walk SW
Omavel's House, Menas' House, 976.968781486901, Walk SW
Menas' House, Omavel's House, 976.968781486901, Walk NE
St. Delyn Waistworks, St. Delyn Plaza, 977.4221196596689, Walk NE
St. Delyn Plaza, St. Delyn Waistworks, 977.4221196596689, Walk SW
Meluria Seleth's House, Balen Vendu: Monk, 979.2573716852991, Walk SW
Balen Vendu: Monk, Meluria Seleth's House, 979.2573716852991, Walk NE
Chun-Ook, Boat Transport: Ebonheart, 982.9791452518207, Walk SW
Boat Transport: Ebonheart, Chun-Ook, 982.9791452518207, Walk NE
Keep: Top Level, Berandas, 983.3539545860382, Walk SW
Berandas, Keep: Top Level, 983.3539545860382, Walk NE
Sabinus Oranius' House, Factor's Estate, 987.6234100101111, Walk E
Factor's Estate, Sabinus Oranius' House, 987.6234100101111, Walk W
Thongar's Tradehouse, Svadstar's Shack, 990.4731192717953, Walk N
Svadstar's Shack, Thongar's Tradehouse, 990.4731192717953, Walk S
Fara's Hole in the Wall, Sadrith Mora, 990.9959636648375, Walk S
Sadrith Mora, Fara's Hole in the Wall, 990.9959636648375, Walk N
Bar, North Storehouse, 992.0609860285808, Walk E
North Storehouse, Bar, 992.0609860285808, Walk W
Assemmus' Yurt, Erabenimsun Camp, 993.4510556640423, Walk N
Erabenimsun Camp, Assemmus' Yurt, 993.4510556640423, Walk S
Temple of Fey, Dome of Urso, 994.5853407325085, Walk E
Dome of Urso, Temple of Fey, 994.5853407325085, Walk W
Nerano Manor, Morag Tong Guild, 998.6240533854569, Walk W
Morag Tong Guild, Nerano Manor, 998.6240533854569, Walk E
Hawkmoth Towers, Ebonheart, 1001.611202014035, Walk SE
Ebonheart, Hawkmoth Towers, 1001.611202014035, Walk NW
Dorisa Darvel: Bookseller, The Razor Hole, 1029.959707949782, Walk N
The Razor Hole, Dorisa Darvel: Bookseller, 1029.959707949782, Walk S
Wise Woman's Yurt, Tussi's Yurt, 1031.2346968561521, Walk S
Tussi's Yurt, Wise Woman's Yurt, 1031.2346968561521, Walk N
Galen Berer: Armorer, Evos Goran's House, 1035.5486468534446, Walk SW
Evos Goran's House, Galen Berer: Armorer, 1035.5486468534446, Walk NE
Hall of Wisdom, Hall Underworks, 1042.567983394848, Walk NE
Hall Underworks, Hall of Wisdom, 1042.567983394848, Walk SW
Ingmar's House, Bronrod the Roarer's House, 1045.7098067819772, Walk S
Bronrod the Roarer's House, Ingmar's House, 1045.7098067819772, Walk N
Propylon Chamber, Lurog's Hut, 1047.2745580792077, Walk S
Lurog's Hut, Propylon Chamber, 1047.2745580792077, Walk N
St. Delyn Waistworks, St. Delyn Plaza, 1052.282281519555, Walk NW
St. Delyn Plaza, St. Delyn Waistworks, 1052.282281519555, Walk SE
Hall of Phisto, Kogoruhn, 1054.574795830054, Walk NE
Kogoruhn, Hall of Phisto, 1054.574795830054, Walk SW
St. Delyn Waistworks, St. Delyn Plaza, 1062.7407962433738, Walk SW
St. Delyn Plaza, St. Delyn Waistworks, 1062.7407962433738, Walk NE
Falvillo's Endeavor, Falvilo's Endeavor, 1071.4177523263277, Walk S
Falvilo's Endeavor, Falvillo's Endeavor, 1071.4177523263277, Walk N
St. Olms Waistworks, St. Olms Plaza, 1074.1210360103744, Walk SW
St. Olms Plaza, St. Olms Waistworks, 1074.1210360103744, Walk NE
Caryarel's Shack, Boat Transport: Gnaar Mok, 1074.4784781464914, Walk NE
Boat Transport: Gnaar Mok, Caryarel's Shack, 1074.4784781464914, Walk SW
Murberius Harmevus' House, Dralas Gilu's House, 1075.4506032356855, Walk W
Dralas Gilu's House, Murberius Harmevus' House, 1075.4506032356855, Walk E
Hall of Wisdom, Hall Underworks, 1078.2045260524553, Walk SE
Hall Underworks, Hall of Wisdom, 1078.2045260524553, Walk NW
Berendas' House, Odai Plateau, 1080.6229684769798, Walk E
Odai Plateau, Berendas' House, 1080.6229684769798, Walk W
Umug's Hut, Gashna's Hut, 1081.0222014371398, Walk E
Gashna's Hut, Umug's Hut, 1081.0222014371398, Walk W
Rethan's Shack, Hlevala's Shack, 1082.3123393919152, Walk W
Hlevala's Shack, Rethan's Shack, 1082.3123393919152, Walk E
Durz's Hut, Valenvaryon, 1088.1176406988354, Walk E
Valenvaryon, Durz's Hut, 1088.1176406988354, Walk W
St. Olms Waistworks, St. Olms Plaza, 1097.574143281446, Walk NW
St. Olms Plaza, St. Olms Waistworks, 1097.574143281446, Walk SE
Hall of Processing, Ministry of Truth, 1100.7511071990798, Walk NW
Ministry of Truth, Hall of Processing, 1100.7511071990798, Walk SE
Murudius Flaeus's House, Boat Transport: Hla Oad, 1101.0454123241238, Walk W
Boat Transport: Hla Oad, Murudius Flaeus's House, 1101.0454123241238, Walk E
Sados Relothan's House, Seler Favelnim's House, 1130.573305893961, Walk E
Seler Favelnim's House, Sados Relothan's House, 1130.573305893961, Walk W
Manor District, Daynes Redothril: Pawnbroker, 1132.5656713851079, Walk SW
Daynes Redothril: Pawnbroker, Manor District, 1132.5656713851079, Walk NE
Trendrus Dral's House, Volmyni Dral's House, 1134.0273365311791, Walk W
Volmyni Dral's House, Trendrus Dral's House, 1134.0273365311791, Walk E
Gidar Verothan's House, South Storehouse, 1136.732598283343, Walk SE
South Storehouse, Gidar Verothan's House, 1136.732598283343, Walk NW
High Fane, Ministry of Truth, 1145.9642228272226, Walk W
Ministry of Truth, High Fane, 1145.9642228272226, Walk E
Sathas Rivul's Shack, Old Blue Fin, 1146.8360824459614, Walk N
Old Blue Fin, Sathas Rivul's Shack, 1146.8360824459614, Walk S
Hall of Justice, Vivec: Temple, 1148.9473443113047, Walk NE
Vivec: Temple, Hall of Justice, 1148.9473443113047, Walk SW
Doves' Shack, Storage Shack, 1152.0, Walk E
Storage Shack, Doves' Shack, 1152.0, Walk W
Tower Entry, Maren Uvaren: Enchanter, 1153.0034692055353, Walk NW
Maren Uvaren: Enchanter, Tower Entry, 1153.0034692055353, Walk SE
Gnisis Eggmine, Gnisis, 1161.7245800963324, Walk W
Gnisis, Gnisis Eggmine, 1161.7245800963324, Walk E
Gildan's House, Hanarai Assutlanipal's House, 1164.9484967156272, Walk NW
Hanarai Assutlanipal's House, Gildan's House, 1164.9484967156272, Walk SE
Hall of the Watchful Touch, Hall of Phisto, 1169.7315931443418, Walk E
Hall of Phisto, Hall of the Watchful Touch, 1169.7315931443418, Walk W
Maeli's Yurt, Shara's Yurt, 1170.7997266825782, Walk NW
Shara's Yurt, Maeli's Yurt, 1170.7997266825782, Walk SE
Aharunartus, Sarys Ancestral Tomb, 1173.2472032781498, Walk SW
Sarys Ancestral Tomb, Aharunartus, 1173.2472032781498, Walk NE
Upper Level, Lower Level, 1182.1256278416436, Walk NW
Lower Level, Upper Level, 1182.1256278416436, Walk SE
St. Delyn Waistworks, St. Delyn Underworks, 1195.5124424279322, Walk NE
St. Delyn Underworks, St. Delyn Waistworks, 1195.5124424279322, Walk SW
Propylon Chamber, Arena, 1197.6794228841038, Walk N
Arena, Propylon Chamber, 1197.6794228841038, Walk S
Rethan Manor, Drelas' House, 1206.8844186582244, Walk E
Drelas' House, Rethan Manor, 1206.8844186582244, Walk W
Gildan's House, Dravasa Andrethi's House, 1220.290539174995, Walk E
Dravasa Andrethi's House, Gildan's House, 1220.290539174995, Walk W
Erna the Quiet's House, Ice-Mane's Hut, 1232.6791958981055, Walk S
Ice-Mane's Hut, Erna the Quiet's House, 1232.6791958981055, Walk N
Lower Level, Upper Level, 1244.3861940732065, Walk S
Upper Level, Lower Level, 1244.3861940732065, Walk N
Keep: Top Level, Keep: Bottom Level, 1244.7136216817103, Walk SE
Keep: Bottom Level, Keep: Top Level, 1244.7136216817103, Walk NW
Upper Level, Lower Level, 1245.2124316758166, Walk NW
Lower Level, Upper Level, 1245.2124316758166, Walk SE
Dome of Pollock's Eve, Dome of Urso, 1245.4027461026412, Walk N
Dome of Urso, Dome of Pollock's Eve, 1245.4027461026412, Walk S
Hlaalu Waistworks, Gondola, 1247.5415824733059, Walk SE
Gondola, Hlaalu Waistworks, 1247.5415824733059, Walk NW
Shaman's Hut, Lassnr's House, 1251.2401847766878, Walk S
Lassnr's House, Shaman's Hut, 1251.2401847766878, Walk N
Aryni Orethi's House, Gindrala Hleran's House, 1253.7639331229782, Walk SE
Gindrala Hleran's House, Aryni Orethi's House, 1253.7639331229782, Walk NW
Llaalam Madalas: Mage, Trendrus Dral's House, 1281.238463362695, Walk S
Trendrus Dral's House, Llaalam Madalas: Mage, 1281.238463362695, Walk N
Tower of Dawn, Ghostgate, 1281.4780528748825, Walk W
Ghostgate, Tower of Dawn, 1281.4780528748825, Walk E
Underworks, Waistworks, 1285.9393453814218, Walk N
Waistworks, Underworks, 1285.9393453814218, Walk S
Balur's Farmhouse, Balur Salvu, 1286.4932957462313, Walk SE
Balur Salvu, Balur's Farmhouse, 1286.4932957462313, Walk NW
Dome, Keep: Bottom Level, 1287.6307700579387, Walk W
Keep: Bottom Level, Dome, 1287.6307700579387, Walk E
Dome, Lower Level, 1288.5359909602835, Walk SE
Lower Level, Dome, 1288.5359909602835, Walk NW
Slavemaster's Shack, Arvel Plantation, 1303.398634340239, Walk E
Arvel Plantation, Slavemaster's Shack, 1303.398634340239, Walk W
Murberius Harmevus' House, Adanja's House, 1314.6075459999458, Walk S
Adanja's House, Murberius Harmevus' House, 1314.6075459999458, Walk N
Thirsk, Thormoor Gray-Wave, 1319.809455944304, Walk S
Thormoor Gray-Wave, Thirsk, 1319.809455944304, Walk N
Underworks, Waistworks, 1330.043984235108, Walk S
Waistworks, Underworks, 1330.043984235108, Walk N
Nummu's Yurt, Mamaea's Yurt, 1361.669930636643, Walk NW
Mamaea's Yurt, Nummu's Yurt, 1361.669930636643, Walk SE
Manor Services, Raram's House, 1378.3236194740334, Walk W
Raram's House, Manor Services, 1378.3236194740334, Walk E
Underground, Tel Aruhn, 1411.406745059694, Walk SE
Tel Aruhn, Underground, 1411.406745059694, Walk NW
Propylon Chamber, Indoranyon, 1411.5693394233242, Walk SE
Indoranyon, Propylon Chamber, 1411.5693394233242, Walk NW
End of the World Renter Rooms, Greidil Half-Troll's House, 1415.0455823046832, Walk W
Greidil Half-Troll's House, End of the World Renter Rooms, 1415.0455823046832, Walk E
Guard Tower, Silt Strider: Suran, 1427.0732286746886, Walk NE
Silt Strider: Suran, Guard Tower, 1427.0732286746886, Walk SW
Fadase Selvayn: Trader, Sethan's Tradehouse, 1437.4355637732078, Walk N
Sethan's Tradehouse, Fadase Selvayn: Trader, 1437.4355637732078, Walk S
Factor's Estate, Garnas Uvalen's House, 1439.1004134527932, Walk E
Garnas Uvalen's House, Factor's Estate, 1439.1004134527932, Walk W
Propylon Chamber, Hlormaren, 1456.522571057517, Walk NE
Hlormaren, Propylon Chamber, 1456.522571057517, Walk SW
Ice-Mane's Hut, Skaal Village, 1463.5743916863262, Walk E
Skaal Village, Ice-Mane's Hut, 1463.5743916863262, Walk W
St. Olms Waistworks, St. Olms Underworks, 1474.956609531277, Walk SE
St. Olms Underworks, St. Olms Waistworks, 1474.956609531277, Walk NW
The Greathall, Ingmar's House, 1478.6074529772939, Walk E
Ingmar's House, The Greathall, 1478.6074529772939, Walk W
Barracks, Gnisis, 1497.5453248566469, Walk N
Gnisis, Barracks, 1497.5453248566469, Walk S
Upper Level, Propylon Chamber, 1501.894803240227, Walk SE
Propylon Chamber, Upper Level, 1501.894803240227, Walk NW
Ibarnadad Assirnarari: Apothecary, Suran Temple, 1513.6036469300673, Walk S
Suran Temple, Ibarnadad Assirnarari: Apothecary, 1513.6036469300673, Walk N
Interior, Prison, 1515.208566501655, Walk SE
Prison, Interior, 1515.208566501655, Walk NW
Guard Tower 2, Silt Strider: Ald-Ruhn, 1539.8418749988584, Walk N
Silt Strider: Ald-Ruhn, Guard Tower 2, 1539.8418749988584, Walk S
St. Delyn Waistworks, St. Delyn Underworks, 1559.206208299595, Walk SW
St. Delyn Underworks, St. Delyn Waistworks, 1559.206208299595, Walk NE
Shipping House, Verethi and Dralor, 1559.766969774652, Walk N
Verethi and Dralor, Shipping House, 1559.766969774652, Walk S
Clagius Clanler: Outfitter, Dralasa Nithryon: Pawnbroker, 1560.8629023716337, Walk SW
Dralasa Nithryon: Pawnbroker, Clagius Clanler: Outfitter, 1560.8629023716337, Walk NE
Erval's House, Junal-lei's House, 1568.6459128815527, Walk SW
Junal-lei's House, Erval's House, 1568.6459128815527, Walk NE
Farusea Salas' House, Junal-lei's House, 1577.7746987450394, Walk NW
Junal-lei's House, Farusea Salas' House, 1577.7746987450394, Walk SE
SouthEast Storehouse, Sabinus Oranius' House, 1584.785474441257, Walk N
Sabinus Oranius' House, SouthEast Storehouse, 1584.785474441257, Walk S
Mantiti Cave Dwelling, Arvs-Drelen, 1593.6953912212962, Walk SE
Arvs-Drelen, Mantiti Cave Dwelling, 1593.6953912212962, Walk NW
Redoran Waistworks, Redoran Underworks, 1596.8149548397898, Walk SW
Redoran Underworks, Redoran Waistworks, 1596.8149548397898, Walk NE
Hlaalu Waistworks, Hlaalu Underworks, 1600.846338659648, Walk NW
Hlaalu Underworks, Hlaalu Waistworks, 1600.846338659648, Walk SE
Adibael's Yurt, Redas Ancestral Tomb, 1615.055726592739, Walk NE
Redas Ancestral Tomb, Adibael's Yurt, 1615.055726592739, Walk SW
Council Club, Silt Strider: Balmora, 1620.264484582687, Walk S
Silt Strider: Balmora, Council Club, 1620.264484582687, Walk N
Redoran Stronghold, Waistworks, 1648.803505576089, Walk NE
Waistworks, Redoran Stronghold, 1648.803505576089, Walk SW
Mine Entrance, Uryn Maren's House, 1648.8213972410717, Walk S
Uryn Maren's House, Mine Entrance, 1648.8213972410717, Walk N
Redoran Stronghold, Waistworks, 1651.614059034374, Walk SW
Waistworks, Redoran Stronghold, 1651.614059034374, Walk NE
Abelmawia Hut, Gnisis Temple, 1651.8320132507422, Walk NE
Gnisis Temple, Abelmawia Hut, 1651.8320132507422, Walk SW
Upper Level, Missun Akin's Hut, 1669.6838024009216, Walk E
Missun Akin's Hut, Upper Level, 1669.6838024009216, Walk W
Propylon Chamber, Missun Akin's Hut, 1673.9235346932667, Walk S
Missun Akin's Hut, Propylon Chamber, 1673.9235346932667, Walk N
Tansumiran Cave Dwelling, Lasamsi Cave Dwelling, 1674.0973687333722, Walk N
Lasamsi Cave Dwelling, Tansumiran Cave Dwelling, 1674.0973687333722, Walk S
Mandyn Ralas's Farmhouse, Vos, 1676.3448332607466, Walk S
Vos, Mandyn Ralas's Farmhouse, 1676.3448332607466, Walk N
Mount Kand: Cavern, Linus Iulus, 1697.8774985257328, Walk W
Linus Iulus, Mount Kand: Cavern, 1697.8774985257328, Walk E
Lower Tower, Boat Transport: Tel Mora, 1702.4185736768734, Walk SW
Boat Transport: Tel Mora, Lower Tower, 1702.4185736768734, Walk NE
Underworks, Upper Waistworks, 1718.337859677194, Walk SW
Upper Waistworks, Underworks, 1718.337859677194, Walk NE
Telvanni Waistworks, Telvanni Underworks, 1743.3981186177757, Walk SW
Telvanni Underworks, Telvanni Waistworks, 1743.3981186177757, Walk NE
Maelkashishi, Forgotten Galleries, 1757.0025611819694, Walk E
Forgotten Galleries, Maelkashishi, 1757.0025611819694, Walk W
Hrothmund's Bane, Snow Wolf, 1774.4962665500314, Walk W
Snow Wolf, Hrothmund's Bane, 1774.4962665500314, Walk E
Mine Entrance, Trader, 1780.2134703456213, Walk W
Trader, Mine Entrance, 1780.2134703456213, Walk E
Outpost, Fevila Bethrano's Shack, 1780.4415182757339, Walk N
Fevila Bethrano's Shack, Outpost, 1780.4415182757339, Walk S
Underworks, Lower Waistworks, 1781.8184531539682, Walk NW
Lower Waistworks, Underworks, 1781.8184531539682, Walk SE
Galen Berer: Armorer, Seryne Relas's House, 1788.2661994233408, Walk N
Seryne Relas's House, Galen Berer: Armorer, 1788.2661994233408, Walk S
Arena Waistworks, Gondola, 1791.9031781879287, Walk S
Gondola, Arena Waistworks, 1791.9031781879287, Walk N
The Rat In The Pot, Guild of Fighters, 1808.5842529448275, Walk W
Guild of Fighters, The Rat In The Pot, 1808.5842529448275, Walk E
Council Club, Balmora, 1808.8830807987563, Walk E
Balmora, Council Club, 1808.8830807987563, Walk W
Abandoned Shipwreck, Vas, 1817.4515124206202, Walk SW
Vas, Abandoned Shipwreck, 1817.4515124206202, Walk NE
Drinar Varyon's House, Guild of Mages, 1842.43751590115, Walk S
Guild of Mages, Drinar Varyon's House, 1842.43751590115, Walk N
Imperial Prison Ship, Census and Excise Warehouse, 1854.741221842012, Walk NW
Census and Excise Warehouse, Imperial Prison Ship, 1854.741221842012, Walk SE
Dravasa Andrethi's House, Ald'ruhn Temple, 1862.7852801651618, Walk NE
Ald'ruhn Temple, Dravasa Andrethi's House, 1862.7852801651618, Walk SW
Falensarano: Propylon Chamber, Upper Level, 1917.9481223432504, Walk E
Upper Level, Falensarano: Propylon Chamber, 1917.9481223432504, Walk W
Telvanni Waistworks, Vivec: Telvanni, 1924.0335236164676, Walk SE
Vivec: Telvanni, Telvanni Waistworks, 1924.0335236164676, Walk NW
Hlaalu Waistworks, Vivec: Hlaalu, 1970.106849894188, Walk SW
Vivec: Hlaalu, Hlaalu Waistworks, 1970.106849894188, Walk NE
Guard Tower 3, Huleen's Hut, 1977.7575685609195, Walk S
Huleen's Hut, Guard Tower 3, 1977.7575685609195, Walk N
Maren Uvaren: Enchanter, Slave Market, 1993.6270965253257, Walk W
Slave Market, Maren Uvaren: Enchanter, 1993.6270965253257, Walk E
Fjell, Tree Stone, 2017.1291480715854, Walk SE
Tree Stone, Fjell, 2017.1291480715854, Walk NW
Madach Tradehouse, Shishara Hut, 2033.0826348183687, Walk N
Shishara Hut, Madach Tradehouse, 2033.0826348183687, Walk S
Upper Waistworks, Gondola, 2057.974975552424, Walk N
Gondola, Upper Waistworks, 2057.974975552424, Walk S
Propylon Chamber, Upper Level, 2110.0947846009194, Walk W
Upper Level, Propylon Chamber, 2110.0947846009194, Walk E
Waistworks, Boat Transport: Molag Mar, 2156.929530605949, Walk SE
Boat Transport: Molag Mar, Waistworks, 2156.929530605949, Walk NW
Assurnabitashpi, Ashurnabitashpi, 2176.7032411424393, Walk NW
Ashurnabitashpi, Assurnabitashpi, 2176.7032411424393, Walk SE
Redoran Plaza, Redoran Waistworks, 2252.6446679403302, Walk SE
Redoran Waistworks, Redoran Plaza, 2252.6446679403302, Walk NW
Hlaalu Waistworks, Hlaalu Plaza, 2259.126379820306, Walk SE
Hlaalu Plaza, Hlaalu Waistworks, 2259.126379820306, Walk NW
Telvanni Waistworks, Telvanni Plaza, 2271.4138768617227, Walk NW
Telvanni Plaza, Telvanni Waistworks, 2271.4138768617227, Walk SE
Odirnamat, Nchardahrk, 2274.108616579252, Walk NW
Nchardahrk, Odirnamat, 2274.108616579252, Walk SE
Arena Waistworks, Arena Pit, 2274.5498455738443, Walk NW
Arena Pit, Arena Waistworks, 2274.5498455738443, Walk SE
Skogsdrake Barrow, Sun Stone, 2299.5097303555817, Walk S
Sun Stone, Skogsdrake Barrow, 2299.5097303555817, Walk N
Gronn, Spirit Bear, 2313.2498784178074, Walk NE
Spirit Bear, Gronn, 2313.2498784178074, Walk SW
Nadene Rotheran's Shack, Glass Netch Dagger, 2335.844600995537, Walk SW
Glass Netch Dagger, Nadene Rotheran's Shack, 2335.844600995537, Walk NE
Hlevala's Shack, Tower Shack, 2343.510614441505, Walk S
Tower Shack, Hlevala's Shack, 2343.510614441505, Walk N
Rothan Ancestral Tomb, Fonus Rathryon, 2347.928874561578, Walk SE
Fonus Rathryon, Rothan Ancestral Tomb, 2347.928874561578, Walk NW
Alof's Farmhouse, Fields of Kummu, 2376.9728648009427, Walk W
Fields of Kummu, Alof's Farmhouse, 2376.9728648009427, Walk E
Vacant Tower, Arrow, 2383.4902978615205, Walk SW
Arrow, Vacant Tower, 2383.4902978615205, Walk NE
Mount Kand, Linus Iulus, 2399.633305319794, Walk S
Linus Iulus, Mount Kand, 2399.633305319794, Walk N
Ghorak Manor, Aeta Wave-Breaker, 2451.769972897131, Walk E
Aeta Wave-Breaker, Ghorak Manor, 2451.769972897131, Walk W
Underground Caves, Grand Council Chambers, 2493.6659760280645, Walk S
Grand Council Chambers, Underground Caves, 2493.6659760280645, Walk N
Hlormar Wine-Sot, Bugrol gro-Bagul, 2595.459496890676, Walk W
Bugrol gro-Bagul, Hlormar Wine-Sot, 2595.459496890676, Walk E
Snedbrir the Smith, Skaal Village, 2605.9349569780134, Walk NW
Skaal Village, Snedbrir the Smith, 2605.9349569780134, Walk SE
Mudan-Mul Egg Mine, Dungeon, 2616.9082903304043, Walk S
Dungeon, Mudan-Mul Egg Mine, 2616.9082903304043, Walk N
Outpost (Maar Gan), Silt Strider: Maar Gan, 2642.741190506554, Walk S
Silt Strider: Maar Gan, Outpost (Maar Gan), 2642.741190506554, Walk N
Shara, Orethi Ancestral Tomb, 2684.8005512514333, Walk SW
Orethi Ancestral Tomb, Shara, 2684.8005512514333, Walk NE
Bloodskal Barrow, Earth Stone, 2751.8928031447736, Walk SW
Earth Stone, Bloodskal Barrow, 2751.8928031447736, Walk NE
Wolverine Hall, Dirty Muriel's Cornerclub, 2776.628531150683, Walk E
Dirty Muriel's Cornerclub, Wolverine Hall, 2776.628531150683, Walk W
Neglected Shipwreck, Khartag Point, 2780.5082269254303, Walk E
Khartag Point, Neglected Shipwreck, 2780.5082269254303, Walk W
Ulfgar the Unending's Dwelling, Brodir Grove, 2801.78514522438, Walk SE
Brodir Grove, Ulfgar the Unending's Dwelling, 2801.78514522438, Walk NW
Yahaz Hut, Silt Strider: Gnisis, 2808.0231480527364, Walk SE
Silt Strider: Gnisis, Yahaz Hut, 2808.0231480527364, Walk NW
Dirara's Farmhouse, Paur Maston, 2829.420612068838, Walk S
Paur Maston, Dirara's Farmhouse, 2829.420612068838, Walk N
Panud Egg Mine, Silt Strider: Khuul, 2868.5803108855084, Walk W
Silt Strider: Khuul, Panud Egg Mine, 2868.5803108855084, Walk E
Caldera Mining Company, Caldera Mine, 2915.237554642846, Walk E
Caldera Mine, Caldera Mining Company, 2915.237554642846, Walk W
Desolate Shipwreck, Lake Amaya, 2923.745029923095, Walk N
Lake Amaya, Desolate Shipwreck, 2923.745029923095, Walk S
Lower Level, Marandus, 2979.5350308395437, Walk N
Marandus, Lower Level, 2979.5350308395437, Walk S
Morvayn Manor, Bevene Releth: Clothier, 3040.049506175845, Walk SW
Bevene Releth: Clothier, Morvayn Manor, 3040.049506175845, Walk NE
Sterdecan's Farmhouse, Sandas Ancestral Tomb, 3040.8058142538466, Walk NE
Sandas Ancestral Tomb, Sterdecan's Farmhouse, 3040.8058142538466, Walk SW
Ainat, Shashpilamat, 3052.1554678620155, Walk SE
Shashpilamat, Ainat, 3052.1554678620155, Walk NW
Tower Guardpost, Tel Branora, 3070.747954489264, Walk W
Tel Branora, Tower Guardpost, 3070.747954489264, Walk E
Balur's Farmhouse, Mannammu, 3100.2924055643525, Walk W
Mannammu, Balur's Farmhouse, 3100.2924055643525, Walk E
Lair of the Udyrfrykte, Lake Fjalding, 3123.525091943396, Walk N
Lake Fjalding, Lair of the Udyrfrykte, 3123.525091943396, Walk S
Ashur-Dan's Yurt, Sethan Ancestral Tomb, 3152.329931970954, Walk S
Sethan Ancestral Tomb, Ashur-Dan's Yurt, 3152.329931970954, Walk N
Alof's Farmhouse, Thoronor, 3182.160901023077, Walk N
Thoronor, Alof's Farmhouse, 3182.160901023077, Walk S
Balmora Temple, Nalcarya of White Haven: Fine Alchemist, 3182.815891628041, Walk SW
Nalcarya of White Haven: Fine Alchemist, Balmora Temple, 3182.815891628041, Walk NE
Tower Shack, Llovyn's Farmhouse, 3197.5060594156816, Walk SW
Llovyn's Farmhouse, Tower Shack, 3197.5060594156816, Walk NE
Water Stone, Snow Wolf, 3224.080178903744, Walk SW
Snow Wolf, Water Stone, 3224.080178903744, Walk NE
Ules Manor, Tul, 3249.575510739826, Walk N
Tul, Ules Manor, 3249.575510739826, Walk S
Assurnabitashpi, Ibar-Dad, 3251.54809283209, Walk SW
Ibar-Dad, Assurnabitashpi, 3251.54809283209, Walk NE
Yakin, Thiralas Ancestral Tomb, 3273.940286566021, Walk NW
Thiralas Ancestral Tomb, Yakin, 3273.940286566021, Walk SE
Shallit, Drethan Ancestral Tomb, 3274.807627937861, Walk S
Drethan Ancestral Tomb, Shallit, 3274.807627937861, Walk N
Nimawia Grotto, Processus Vitellius, 3283.147575117512, Walk E
Processus Vitellius, Nimawia Grotto, 3283.147575117512, Walk W
Aharnabi, Shrine of Azura, 3298.2616633614743, Walk N
Shrine of Azura, Aharnabi, 3298.2616633614743, Walk S
Mamaea, Lucan Ostorius, 3395.89693600969, Walk SE
Lucan Ostorius, Mamaea, 3395.89693600969, Walk NW
Nund, St. Olms Underworks, 3404.4494415397035, Walk W
St. Olms Underworks, Nund, 3404.4494415397035, Walk E
Mining Guard Tower, Uveran Ancestral Tomb, 3424.0363607882437, Walk SW
Uveran Ancestral Tomb, Mining Guard Tower, 3424.0363607882437, Walk NE
Sorkvild's Tower, Itar the Gentle's House, 3453.5745250392383, Walk W
Itar the Gentle's House, Sorkvild's Tower, 3453.5745250392383, Walk E
Caves of Fjalding, Lake Fjalding, 3549.44502704296, Walk E
Lake Fjalding, Caves of Fjalding, 3549.44502704296, Walk W
Sinarralit Egg Mine, Vos, 3646.133431458591, Walk NE
Vos, Sinarralit Egg Mine, 3646.133431458591, Walk SW
Arkngthand, Snowy Granius, 3660.7280696604603, Walk NW
Snowy Granius, Arkngthand, 3660.7280696604603, Walk SE
Missir-Dadalit Egg Mine, Zaintirari, 3669.095937693644, Walk S
Zaintirari, Missir-Dadalit Egg Mine, 3669.095937693644, Walk N
Sur Egg Mine, Sandus Ancestral Tomb, 3673.0593515487876, Walk S
Sandus Ancestral Tomb, Sur Egg Mine, 3673.0593515487876, Walk N
Sarano Ancestral Tomb, Thoronor, 3685.246803132729, Walk SE
Thoronor, Sarano Ancestral Tomb, 3685.246803132729, Walk NW
Asha-Ahhe Egg Mine, Anit's Yurt, 3691.7659730811756, Walk SW
Anit's Yurt, Asha-Ahhe Egg Mine, 3691.7659730811756, Walk NE
Piernette's Farmhouse, Leles Birian, 3717.703592273058, Walk E
Leles Birian, Piernette's Farmhouse, 3717.703592273058, Walk W
Silt Strider: Ald-Ruhn, Falanu Indaren, 3718.941381629993, Walk NW
Falanu Indaren, Silt Strider: Ald-Ruhn, 3718.941381629993, Walk SE
Fara's Hole in the Wall, Telvanni Council House, 3732.164251476615, Walk NW
Telvanni Council House, Fara's Hole in the Wall, 3732.164251476615, Walk SE
Altar of Thrond, Sigvatr the Strong, 3806.2874300294243, Walk SE
Sigvatr the Strong, Altar of Thrond, 3806.2874300294243, Walk NW
Lassnr's House, Rimhull, 3807.596223340915, Walk W
Rimhull, Lassnr's House, 3807.596223340915, Walk E
Helas Ancestral Tomb, Halit Mine, 3840.9699295880982, Walk W
Halit Mine, Helas Ancestral Tomb, 3840.9699295880982, Walk E
Bjorn, Altar of Thrond, 3841.874542459709, Walk SW
Altar of Thrond, Bjorn, 3841.874542459709, Walk NE
Andalen Ancestral Tomb, Assatlit Assudnilamat, 3846.6850663915807, Walk E
Assatlit Assudnilamat, Andalen Ancestral Tomb, 3846.6850663915807, Walk W
Unexplored Shipwreck, Odai River, 3847.7019115310895, Walk N
Odai River, Unexplored Shipwreck, 3847.7019115310895, Walk S
Heran Ancestral Tomb, Grytewake, 3863.379349740328, Walk W
Grytewake, Heran Ancestral Tomb, 3863.379349740328, Walk E
Mat, Assarnud, 3863.8029194046635, Walk SE
Assarnud, Mat, 3863.8029194046635, Walk NW
Addamasartus, Silt Strider: Seyda Neen, 3868.2205211182054, Walk SW
Silt Strider: Seyda Neen, Addamasartus, 3868.2205211182054, Walk NE
Silt Strider: Vivec, Boat Transport: Vivec, 3868.8437549221344, Walk SE
Boat Transport: Vivec, Silt Strider: Vivec, 3868.8437549221344, Walk NW
Guard Tower 1, Viatrix Petilia, 3962.7264604057646, Walk S
Viatrix Petilia, Guard Tower 1, 3962.7264604057646, Walk N
Hairat-Vassamsi Egg Mine, Forgotten Galleries, 3965.059898664836, Walk SW
Forgotten Galleries, Hairat-Vassamsi Egg Mine, 3965.059898664836, Walk NE
Assu, Mount Kand: Cavern, 4027.8735084408995, Walk SW
Mount Kand: Cavern, Assu, 4027.8735084408995, Walk NE
Ashanammu, Mining Company Office, 4045.0079109935, Walk S
Mining Company Office, Ashanammu, 4045.0079109935, Walk N
Alen Ancestral Tomb, Sason, 4100.768342640194, Walk W
Sason, Alen Ancestral Tomb, 4100.768342640194, Walk E
Graring's House, Legge, 4133.069077574194, Walk NW
Legge, Graring's House, 4133.069077574194, Walk SE
Hawia Egg Mine, Silt Strider: Vivec, 4157.911134211505, Walk SE
Silt Strider: Vivec, Hawia Egg Mine, 4157.911134211505, Walk NW
Sabinus Oranius' House, Snow Bear, 4161.221094823009, Walk W
Snow Bear, Sabinus Oranius' House, 4161.221094823009, Walk E
Ginith Ancestral Tomb, Synette Jeline, 4170.746216206399, Walk NE
Synette Jeline, Ginith Ancestral Tomb, 4170.746216206399, Walk SW
Piernette's Farmhouse, Nilera's Farmhouse, 4206.3326069154355, Walk S
Nilera's Farmhouse, Piernette's Farmhouse, 4206.3326069154355, Walk N
Favel Ancestral Tomb, Sanit, 4244.151387497859, Walk S
Sanit, Favel Ancestral Tomb, 4244.151387497859, Walk N
Curtain Wall, Boat Transport: Fort Frostmoth, 4246.040626277615, Walk S
Boat Transport: Fort Frostmoth, Curtain Wall, 4246.040626277615, Walk N
Water Stone, Hvitkald Peak, 4267.967431928224, Walk E
Hvitkald Peak, Water Stone, 4267.967431928224, Walk W
Yasamsi, Odai River, 4306.223635623212, Walk SE
Odai River, Yasamsi, 4306.223635623212, Walk NW
Himmelhost Barrow, Toralf, 4307.600376079471, Walk W
Toralf, Himmelhost Barrow, 4307.600376079471, Walk E
Llovyn's Farmhouse, Lake Hairan, 4321.653387304447, Walk SW
Lake Hairan, Llovyn's Farmhouse, 4321.653387304447, Walk NE
Ashimanu Egg Mine, Kagouti, 4326.481827073818, Walk S
Kagouti, Ashimanu Egg Mine, 4326.481827073818, Walk N
Small Farmhouse, Leles Birian, 4349.892527408005, Walk N
Leles Birian, Small Farmhouse, 4349.892527408005, Walk S
Dinadad Hut, Vabdas Hut, 4356.855402695848, Walk W
Vabdas Hut, Dinadad Hut, 4356.855402695848, Walk E
Maba-Ilu, Mawia, 4358.011128944027, Walk SW
Mawia, Maba-Ilu, 4358.011128944027, Walk NE
Rimhull, Erna the Quiet, 4458.368535686569, Walk S
Erna the Quiet, Rimhull, 4458.368535686569, Walk N
Keep, Lower Cavern, 4492.677820632145, Walk W
Lower Cavern, Keep, 4492.677820632145, Walk E
Dralasa Nithryon: Pawnbroker, Tharys Ancestral Tomb, 4497.312308479365, Walk SW
Tharys Ancestral Tomb, Dralasa Nithryon: Pawnbroker, 4497.312308479365, Walk NE
Yasammidan, Unmarked Shipwreck, 4516.422588731041, Walk N
Unmarked Shipwreck, Yasammidan, 4516.422588731041, Walk S
Akimaes Grotto, Remote Shipwreck, 4518.1115524077095, Walk W
Remote Shipwreck, Akimaes Grotto, 4518.1115524077095, Walk E
Hanud, Botrir, 4524.877014903278, Walk SW
Botrir, Hanud, 4524.877014903278, Walk NE
Slave Market, Boat Transport: Tel Aruhn, 4596.0626627582005, Walk S
Boat Transport: Tel Aruhn, Slave Market, 4596.0626627582005, Walk N
Tombs of Skaalara, Sjobal, 4600.661256819502, Walk W
Sjobal, Tombs of Skaalara, 4600.661256819502, Walk E
An Abandoned Shack, Shurinbaal, 4602.38253516589, Walk NE
Shurinbaal, An Abandoned Shack, 4602.38253516589, Walk SW
Mannammu, Nels Llendo, 4645.394278207179, Walk S
Nels Llendo, Mannammu, 4645.394278207179, Walk N
Rissun, Prelude Shipwreck, 4669.370085996611, Walk SE
Prelude Shipwreck, Rissun, 4669.370085996611, Walk NW
Ules Manor, Lake Masobi, 4688.71197665201, Walk S
Lake Masobi, Ules Manor, 4688.71197665201, Walk N
Seran Ancestral Tomb, Asha-Ahhe Egg Mine, 4694.230075315866, Walk SE
Asha-Ahhe Egg Mine, Seran Ancestral Tomb, 4694.230075315866, Walk NW
Hassour, Vassir-Didanat Cave, 4699.738290585977, Walk NW
Vassir-Didanat Cave, Hassour, 4699.738290585977, Walk SE
Legge, Wind Stone, 4707.079136789608, Walk W
Wind Stone, Legge, 4707.079136789608, Walk E
Suran Tradehouse, Umbra, 4716.030640273661, Walk E
Umbra, Suran Tradehouse, 4716.030640273661, Walk W
Yapal's Yurt, Ienith Ancestral Tomb, 4728.99661661964, Walk SE
Ienith Ancestral Tomb, Yapal's Yurt, 4728.99661661964, Walk NW
Athanden Girith, The White Guar, 4735.228399982413, Walk W
The White Guar, Athanden Girith, 4735.228399982413, Walk E
Punammu, Llovyn's Farmhouse, 4788.924931547789, Walk SE
Llovyn's Farmhouse, Punammu, 4788.924931547789, Walk NW
Gro-Bagrat Plantation, Hawia Egg Mine, 4805.343067877672, Walk S
Hawia Egg Mine, Gro-Bagrat Plantation, 4805.343067877672, Walk N
Marandus, Lake Nabia, 4857.457771303833, Walk NE
Lake Nabia, Marandus, 4857.457771303833, Walk SW
Surirulk, Arena, 4863.871400438133, Walk S
Arena, Surirulk, 4863.871400438133, Walk N
Nelas Ancestral Tomb, Giant Bull Netch, 4883.792890776594, Walk E
Giant Bull Netch, Nelas Ancestral Tomb, 4883.792890776594, Walk W
Thalas Ancestral Tomb, Assarnatamat, 4891.282449419579, Walk W
Assarnatamat, Thalas Ancestral Tomb, 4891.282449419579, Walk E
Lukesturm Barrow, Uncle Sweetshare's Workshop, 4904.820995714319, Walk W
Uncle Sweetshare's Workshop, Lukesturm Barrow, 4904.820995714319, Walk E
Madas Grotto, Wise Woman's Yurt, 4915.310061430509, Walk SW
Wise Woman's Yurt, Madas Grotto, 4915.310061430509, Walk NE
Andas Ancestral Tomb, Missir-Dadalit Egg Mine, 4922.4775266119805, Walk W
Missir-Dadalit Egg Mine, Andas Ancestral Tomb, 4922.4775266119805, Walk E
Jolgeirr Barrow, Cave of Hidden Music, 4966.177604556648, Walk SW
Cave of Hidden Music, Jolgeirr Barrow, 4966.177604556648, Walk NE
Assarnud, Underground Stream, 5028.974547559373, Walk SW
Underground Stream, Assarnud, 5028.974547559373, Walk NE
Mzahnch, Mudcrab Merchant, 5042.202098289992, Walk SE
Mudcrab Merchant, Mzahnch, 5042.202098289992, Walk NW
Patchwork Airship, Snow Wolf, 5054.348227021957, Walk SW
Snow Wolf, Patchwork Airship, 5054.348227021957, Walk NE
Dun-Ahhe, Valley of the Wind, 5139.5191409313775, Walk SE
Valley of the Wind, Dun-Ahhe, 5139.5191409313775, Walk NW
Indalen Ancestral Tomb, Governor's Hall, 5165.873595046631, Walk SW
Governor's Hall, Indalen Ancestral Tomb, 5165.873595046631, Walk NE
Hlaalu Ancestral Tomb, Adibael's Yurt, 5170.478217728028, Walk NW
Adibael's Yurt, Hlaalu Ancestral Tomb, 5170.478217728028, Walk SE
Setus Egg Mine, Sanni, 5205.607073147185, Walk NW
Sanni, Setus Egg Mine, 5205.607073147185, Walk SE
Lleran Ancestral Tomb, Nevrasa Dralor, 5221.257798653501, Walk NW
Nevrasa Dralor, Lleran Ancestral Tomb, 5221.257798653501, Walk SE
Palansour, Llervu Ancestral Tomb, 5233.645001335111, Walk W
Llervu Ancestral Tomb, Palansour, 5233.645001335111, Walk E
Telvayn Ancestral Tomb, Mallapi, 5298.073706546559, Walk S
Mallapi, Telvayn Ancestral Tomb, 5298.073706546559, Walk N
Menas' House, Shushan, 5332.625994760931, Walk SW
Shushan, Menas' House, 5332.625994760931, Walk NE
Caverns of Karstaag, Tower, 5341.032203610085, Walk S
Tower, Caverns of Karstaag, 5341.032203610085, Walk N
Habinbaes, Madas-Zebba Egg Mine, 5377.846595060146, Walk SW
Madas-Zebba Egg Mine, Habinbaes, 5377.846595060146, Walk NE
Slave Shack, Arano Plantation, 5380.039869740744, Walk SW
Arano Plantation, Slave Shack, 5380.039869740744, Walk NE
Punsabanit, Surirulk, 5385.67136019271, Walk SW
Surirulk, Punsabanit, 5385.67136019271, Walk NE
Rolf Long-Tooth, Harstrad River, 5386.347927863554, Walk SW
Harstrad River, Rolf Long-Tooth, 5386.347927863554, Walk NE
Ashanammu, Kudanat, 5395.7840023485005, Walk W
Kudanat, Ashanammu, 5395.7840023485005, Walk E
Mudan-Mul Egg Mine, Nerano Ancestral Tomb, 5421.743723194596, Walk W
Nerano Ancestral Tomb, Mudan-Mul Egg Mine, 5421.743723194596, Walk E
Maesa-Shammus Egg Mine, Mount Assarnibibi, 5445.229563572137, Walk W
Mount Assarnibibi, Maesa-Shammus Egg Mine, 5445.229563572137, Walk E
Ashir-Dan, Svadstar's Shack, 5451.141898721771, Walk W
Svadstar's Shack, Ashir-Dan, 5451.141898721771, Walk E
Sharapli, Tower of Dawn, 5457.930010544291, Walk W
Tower of Dawn, Sharapli, 5457.930010544291, Walk E
Shurdan-Raplay Egg Mine, Odai Plateau, 5479.679187689732, Walk W
Odai Plateau, Shurdan-Raplay Egg Mine, 5479.679187689732, Walk E
Omaren Ancestral Tomb, Anudnabia (sealed), 5518.59112455344, Walk SW
Anudnabia (sealed), Omaren Ancestral Tomb, 5518.59112455344, Walk NE
Fjell, Eddard Barrow, 5537.772566655297, Walk W
Eddard Barrow, Fjell, 5537.772566655297, Walk E
Wind Stone, Snow Wolf, 5538.451949778025, Walk W
Snow Wolf, Wind Stone, 5538.451949778025, Walk E
Sargon's Yurt, Botrir, 5555.544707767187, Walk N
Botrir, Sargon's Yurt, 5555.544707767187, Walk S
Rissun, Ashirbadon, 5561.342014298348, Walk W
Ashirbadon, Rissun, 5561.342014298348, Walk E
Sudanit Mine, Ramimilk, 5576.8292962937285, Walk W
Ramimilk, Sudanit Mine, 5576.8292962937285, Walk E
Hleran Ancestral Tomb, Hisin Deep-Raed, 5583.1980978647, Walk NW
Hisin Deep-Raed, Hleran Ancestral Tomb, 5583.1980978647, Walk SE
Inanius Egg Mine, Umbra, 5589.284390689027, Walk NW
Umbra, Inanius Egg Mine, 5589.284390689027, Walk SE
Eluba-Addon Grotto, Ashkhan's Yurt, 5630.507348365687, Walk SW
Ashkhan's Yurt, Eluba-Addon Grotto, 5630.507348365687, Walk NE
Shal, Ashurnibibi, 5730.916855093956, Walk S
Ashurnibibi, Shal, 5730.916855093956, Walk N
Maren Ancestral Tomb, Reeh-Jah, 5774.238824295372, Walk NW
Reeh-Jah, Maren Ancestral Tomb, 5774.238824295372, Walk SE
Andrano Ancestral Tomb, Addamasartus, 5780.608272491745, Walk W
Addamasartus, Andrano Ancestral Tomb, 5780.608272491745, Walk E
Benkongerike, Tower, 5793.8889357667185, Walk SW
Tower, Benkongerike, 5793.8889357667185, Walk NE
Holamayan Monastery, Boat Transport: Holamayan, 5796.41380510398, Walk S
Boat Transport: Holamayan, Holamayan Monastery, 5796.41380510398, Walk N
Maran-Adon, Mubdan Esurnadarpal, 5797.621667546098, Walk E
Mubdan Esurnadarpal, Maran-Adon, 5797.621667546098, Walk W
Galom Daeus, Dulo Ancestral Tomb, 5833.215579763875, Walk W
Dulo Ancestral Tomb, Galom Daeus, 5833.215579763875, Walk E
Adibael's Yurt, Zaintiraris, 5844.075632638578, Walk SW
Zaintiraris, Adibael's Yurt, 5844.075632638578, Walk NE
Din, Synette Jeline, 5896.991266739336, Walk NW
Synette Jeline, Din, 5896.991266739336, Walk SE
Kjolver's Dwelling, Cave of Hidden Music, 5913.046084718096, Walk NW
Cave of Hidden Music, Kjolver's Dwelling, 5913.046084718096, Walk SE
Randas Ancestral Tomb, Salothran Ancestral Tomb, 5922.509687623989, Walk SW
Salothran Ancestral Tomb, Randas Ancestral Tomb, 5922.509687623989, Walk NE
Pinsun, Zelay's Yurt, 5923.111513385511, Walk W
Zelay's Yurt, Pinsun, 5923.111513385511, Walk E
Vansunalit Egg Mine, Telasero, 5928.443724958515, Walk E
Telasero, Vansunalit Egg Mine, 5928.443724958515, Walk W
Gloomy Cave, Gronn, 5945.80003027347, Walk NE
Gronn, Gloomy Cave, 5945.80003027347, Walk SW
Vabdas Hut, River Samsi, 5976.913752096478, Walk SW
River Samsi, Vabdas Hut, 5976.913752096478, Walk NE
Abaelun Mine, Shushishi, 5993.4953074145305, Walk S
Shushishi, Abaelun Mine, 5993.4953074145305, Walk N
Ilunibi, Khartag Point, 6016.946152326776, Walk NW
Khartag Point, Ilunibi, 6016.946152326776, Walk SE
Nimawia Grotto, Thelas Ancestral Tomb, 6036.094515495926, Walk SW
Thelas Ancestral Tomb, Nimawia Grotto, 6036.094515495926, Walk NE
Uncle Sweetshare's Workshop, Valbrandr Barrow, 6037.467184175828, Walk S
Valbrandr Barrow, Uncle Sweetshare's Workshop, 6037.467184175828, Walk N
Frosselmane Barrow, Toralf, 6058.713064669757, Walk E
Toralf, Frosselmane Barrow, 6058.713064669757, Walk W
SouthEast Storehouse, Kelsedolk Barrow, 6108.472804228566, Walk S
Kelsedolk Barrow, SouthEast Storehouse, 6108.472804228566, Walk N
Geilir the Mumbling's Dwelling, Supply Ship, 6114.313125773, Walk W
Supply Ship, Geilir the Mumbling's Dwelling, 6114.313125773, Walk E
Dareleth Ancestral Tomb, Valley of the Wind, 6118.823416311342, Walk S
Valley of the Wind, Dareleth Ancestral Tomb, 6118.823416311342, Walk N
Zenarbael, Seleth's House, 6141.007164952667, Walk W
Seleth's House, Zenarbael, 6141.007164952667, Walk E
Sulipund, Punabi, 6154.778712512742, Walk SW
Punabi, Sulipund, 6154.778712512742, Walk NE
Domme, Varstaad Caves, 6191.373111031187, Walk SW
Varstaad Caves, Domme, 6191.373111031187, Walk NE
Dissapla Mine, Falensarano, 6200.754792765152, Walk S
Falensarano, Dissapla Mine, 6200.754792765152, Walk N
Desolate Shipwreck, Panat, 6243.435032095713, Walk W
Panat, Desolate Shipwreck, 6243.435032095713, Walk E
Odibaal, Milk, 6260.7827785349655, Walk S
Milk, Odibaal, 6260.7827785349655, Walk N
Zalkin-Sul Egg Mine, Serano Ancestral Tomb, 6291.712723893233, Walk S
Serano Ancestral Tomb, Zalkin-Sul Egg Mine, 6291.712723893233, Walk N
Bensiberib Camp, Ahinipalit, 6295.566138164224, Walk SW
Ahinipalit, Bensiberib Camp, 6295.566138164224, Walk NE
Assemanu, Akimaes Grotto, 6299.242891014761, Walk NW
Akimaes Grotto, Assemanu, 6299.242891014761, Walk SE
Bensamsi: Sixth House Base, Drinith Ancestral Tomb, 6299.902856393898, Walk W
Drinith Ancestral Tomb, Bensamsi: Sixth House Base, 6299.902856393898, Walk E
Ebernanit, Omalen Ancestral Tomb, 6301.900745013365, Walk SE
Omalen Ancestral Tomb, Ebernanit, 6301.900745013365, Walk NW
Maran-Adon, Tin-Ahhe, 6302.754080558752, Walk W
Tin-Ahhe, Maran-Adon, 6302.754080558752, Walk E
Stormpfund Barrow, Kolbjorn Barrow, 6304.442401989251, Walk W
Kolbjorn Barrow, Stormpfund Barrow, 6304.442401989251, Walk E
Pulk, Aralen Ancestral Tomb, 6306.998810844981, Walk W
Aralen Ancestral Tomb, Pulk, 6306.998810844981, Walk E
Sharapli, Shrine of Pride, 6338.483257057638, Walk NW
Shrine of Pride, Sharapli, 6338.483257057638, Walk SE
Vandus Ancestral Tomb, Nabia River, 6365.536662371838, Walk S
Nabia River, Vandus Ancestral Tomb, 6365.536662371838, Walk N
Druscashti, Sha-Adnius, 6372.0823127137965, Walk S
Sha-Adnius, Druscashti, 6372.0823127137965, Walk N
Ulummusa, Maurrie Aurmine, 6394.178602447699, Walk N
Maurrie Aurmine, Ulummusa, 6394.178602447699, Walk S
Skogsdrake Barrow, Kolfinna's Dwelling, 6404.100249059192, Walk W
Kolfinna's Dwelling, Skogsdrake Barrow, 6404.100249059192, Walk E
Sorkvild's Tower, Senim Ancestral Tomb, 6405.866373879493, Walk S
Senim Ancestral Tomb, Sorkvild's Tower, 6405.866373879493, Walk N
Abassel's Yurt, Llervu Ancestral Tomb, 6409.00748946356, Walk S
Llervu Ancestral Tomb, Abassel's Yurt, 6409.00748946356, Walk N
Solvjord, Brodir Grove, 6445.072924335302, Walk W
Brodir Grove, Solvjord, 6445.072924335302, Walk E
Fort Darius, Falas Ancestral Tomb, 6448.879360012869, Walk SE
Falas Ancestral Tomb, Fort Darius, 6448.879360012869, Walk NW
Hrothmund's Barrow, Leather-Sealed Chest, 6453.086083417763, Walk W
Leather-Sealed Chest, Hrothmund's Barrow, 6453.086083417763, Walk E
Indaren Ancestral Tomb, Bthuand, 6478.613431900379, Walk S
Bthuand, Indaren Ancestral Tomb, 6478.613431900379, Walk N
Saturan, Umbra, 6493.446850479336, Walk S
Umbra, Saturan, 6493.446850479336, Walk N
Savel Ancestral Tomb, Almurbalarammi, 6498.261075087704, Walk S
Almurbalarammi, Savel Ancestral Tomb, 6498.261075087704, Walk N
Upper Level, Kunirai, 6507.925399080724, Walk NW
Kunirai, Upper Level, 6507.925399080724, Walk SE
Abaesen-Pulu Egg Mine, Nels Llendo, 6583.022102347827, Walk NE
Nels Llendo, Abaesen-Pulu Egg Mine, 6583.022102347827, Walk SW
Kogoruhn: Charma's Breath, Vemynal, 6643.030934746578, Walk SW
Vemynal, Kogoruhn: Charma's Breath, 6643.030934746578, Walk NE
Zainsipilu, Nevrasa Dralor, 6659.883632617015, Walk NE
Nevrasa Dralor, Zainsipilu, 6659.883632617015, Walk SW
Velas Ancestral Tomb, Telasero, 6662.5257222768005, Walk NE
Telasero, Velas Ancestral Tomb, 6662.5257222768005, Walk SW
Adanumuran, Maurrie Aurmine, 6678.9282074296925, Walk S
Maurrie Aurmine, Adanumuran, 6678.9282074296925, Walk N
Glenschul's Tomb, Thormoor Gray-Wave, 6712.576331037138, Walk NW
Thormoor Gray-Wave, Glenschul's Tomb, 6712.576331037138, Walk SE
Mamaea's Yurt, Sinamusa Egg Mine, 6725.366384071577, Walk W
Sinamusa Egg Mine, Mamaea's Yurt, 6725.366384071577, Walk E
Raviro Ancestral Tomb, Silt Strider: Molag Mar, 6753.215530397353, Walk E
Silt Strider: Molag Mar, Raviro Ancestral Tomb, 6753.215530397353, Walk W
Hisin Deep-Raed, Rasha, 6757.043806280969, Walk SW
Rasha, Hisin Deep-Raed, 6757.043806280969, Walk NE
Frossel, Tombs of Skaalara, 6782.486417236676, Walk S
Tombs of Skaalara, Frossel, 6782.486417236676, Walk N
Gandrung Caverns, Curtain Wall, 6799.083026408782, Walk SW
Curtain Wall, Gandrung Caverns, 6799.083026408782, Walk NE
Fatleg's Drop Off, Fjol, 6800.174850693179, Walk N
Fjol, Fatleg's Drop Off, 6800.174850693179, Walk S
Holamayan Monastery, Zalkin Grotto, 6805.143055072392, Walk NW
Zalkin Grotto, Holamayan Monastery, 6805.143055072392, Walk SE
Marvani Ancestral Tomb, Prelude Shipwreck, 6820.03848962746, Walk W
Prelude Shipwreck, Marvani Ancestral Tomb, 6820.03848962746, Walk E
Abernanit, Boat Transport: Gnaar Mok, 6845.038202961325, Walk NW
Boat Transport: Gnaar Mok, Abernanit, 6845.038202961325, Walk SE
Mzahnch, Sinsibadon, 6865.566983141305, Walk W
Sinsibadon, Mzahnch, 6865.566983141305, Walk E
Nimawia Grotto, Samarys Ancestral Tomb, 6894.5013597794, Walk NW
Samarys Ancestral Tomb, Nimawia Grotto, 6894.5013597794, Walk SE
Andalor Ancestral Tomb, Botrir, 6907.649745029057, Walk SE
Botrir, Andalor Ancestral Tomb, 6907.649745029057, Walk NW
Dushariran, Lucan Ostorius, 6918.148379443736, Walk SW
Lucan Ostorius, Dushariran, 6918.148379443736, Walk NE
Kolbjorn Barrow, Snow Bear, 6959.227687035394, Walk S
Snow Bear, Kolbjorn Barrow, 6959.227687035394, Walk N
Releth Ancestral Tomb, Mudcrab Merchant, 6960.062643396251, Walk SW
Mudcrab Merchant, Releth Ancestral Tomb, 6960.062643396251, Walk NE
Andre Maul's Tower, Vacant Tower, 6987.320230245641, Walk SE
Vacant Tower, Andre Maul's Tower, 6987.320230245641, Walk NW
Solvjord, Halls of Penumbra, 7000.163569517501, Walk S
Halls of Penumbra, Solvjord, 7000.163569517501, Walk N
Yassu Mine, Shrine of Pride, 7026.493079766036, Walk SE
Shrine of Pride, Yassu Mine, 7026.493079766036, Walk NW
Arano Ancestral Tomb, Beran Ancestral Tomb, 7027.039348118096, Walk NE
Beran Ancestral Tomb, Arano Ancestral Tomb, 7027.039348118096, Walk SW
Beast Stone, Erna the Quiet, 7030.735381167464, Walk W
Erna the Quiet, Beast Stone, 7030.735381167464, Walk E
Urshilaku Burial Caverns, Abinabi, 7034.11465644398, Walk W
Abinabi, Urshilaku Burial Caverns, 7034.11465644398, Walk E
Kolfinna's Dwelling, Iggnir River, 7040.584208714501, Walk N
Iggnir River, Kolfinna's Dwelling, 7040.584208714501, Walk S
Fadathram Ancestral Tomb, Panabanit-Nimawia Egg Mine, 7076.909848231783, Walk S
Panabanit-Nimawia Egg Mine, Fadathram Ancestral Tomb, 7076.909848231783, Walk N
Anit's Yurt, Ashalmawia, 7085.8513249996995, Walk W
Ashalmawia, Anit's Yurt, 7085.8513249996995, Walk E
Vemynal, Mausur Caverns, 7087.492363311582, Walk S
Mausur Caverns, Vemynal, 7087.492363311582, Walk N
Manat's Farmhouse, Arvel Plantation, 7096.685493947157, Walk W
Arvel Plantation, Manat's Farmhouse, 7096.685493947157, Walk E
Dun-Ahhe, Cavern of the Incarnate, 7128.34097108156, Walk SW
Cavern of the Incarnate, Dun-Ahhe, 7128.34097108156, Walk NE
Telvayn Ancestral Tomb, Dead Guar, 7146.6988882980095, Walk W
Dead Guar, Telvayn Ancestral Tomb, 7146.6988882980095, Walk E
Propylon Chamber, Sewers, 7152.4005061238, Walk W
Sewers, Propylon Chamber, 7152.4005061238, Walk E
Sennananit, Keep: Top Level, 7244.8702541867515, Walk S
Keep: Top Level, Sennananit, 7244.8702541867515, Walk N
Andavel Ancestral Tomb, Assumanu, 7252.4567561620115, Walk SW
Assumanu, Andavel Ancestral Tomb, 7252.4567561620115, Walk NE
Assurnabitashpi, Drath Ancestral Tomb, 7307.254614422574, Walk S
Drath Ancestral Tomb, Assurnabitashpi, 7307.254614422574, Walk N
Norvayn Ancestral Tomb, Dome, 7328.8771991349395, Walk SW
Dome, Norvayn Ancestral Tomb, 7328.8771991349395, Walk NE
Velas Ancestral Tomb, Minabi, 7366.042356652587, Walk S
Minabi, Velas Ancestral Tomb, 7366.042356652587, Walk N
Kora-Dur, Maesat's Yurt, 7463.259676575645, Walk W
Maesat's Yurt, Kora-Dur, 7463.259676575645, Walk E
Mul Grotto, Releth Ancestral Tomb, 7471.580287997982, Walk NW
Releth Ancestral Tomb, Mul Grotto, 7471.580287997982, Walk SE
Sarethi Ancestral Tomb, Habinbaes, 7480.265770679542, Walk SW
Habinbaes, Sarethi Ancestral Tomb, 7480.265770679542, Walk NE
Lonely Shipwreck, Arenim Ancestral Tomb, 7509.255422476985, Walk SW
Arenim Ancestral Tomb, Lonely Shipwreck, 7509.255422476985, Walk NE
Arano Plantation, Teris Raledran, 7520.768378297526, Walk SW
Teris Raledran, Arano Plantation, 7520.768378297526, Walk NE
Rissun, Yakanalit, 7530.505029544831, Walk NW
Yakanalit, Rissun, 7530.505029544831, Walk SE
Himmelhost Barrow, Swims-In-Swells, 7536.711816170232, Walk E
Swims-In-Swells, Himmelhost Barrow, 7536.711816170232, Walk W
Dagoth Ur, Ularradallaku, 7550.87710137041, Walk W
Ularradallaku, Dagoth Ur, 7550.87710137041, Walk E
Llando Ancestral Tomb, Akimaes-Ilanipu Egg Mine, 7556.954412989402, Walk S
Akimaes-Ilanipu Egg Mine, Llando Ancestral Tomb, 7556.954412989402, Walk N
Pemenie, Sosia Caristiana, 7561.104747323634, Walk NE
Sosia Caristiana, Pemenie, 7561.104747323634, Walk SW
Ancient Shipwreck, M'Aiq the Liar, 7593.910323410463, Walk N
M'Aiq the Liar, Ancient Shipwreck, 7593.910323410463, Walk S
Yakin, Nallit, 7634.770788962823, Walk SE
Nallit, Yakin, 7634.770788962823, Walk NW
Abinabi, Bthungthumz, 7637.952736172174, Walk W
Bthungthumz, Abinabi, 7637.952736172174, Walk E
Mawia, Kumarahaz, 7647.564383514532, Walk S
Kumarahaz, Mawia, 7647.564383514532, Walk N
Ravel Ancestral Tomb, Shashpilamat, 7648.499526050845, Walk NW
Shashpilamat, Ravel Ancestral Tomb, 7648.499526050845, Walk SE
Pudai Egg Mine, Shara, 7650.440836971423, Walk S
Shara, Pudai Egg Mine, 7650.440836971423, Walk N
Sha-Adnius, Yesamsi, 7747.306693296709, Walk S
Yesamsi, Sha-Adnius, 7747.306693296709, Walk N
Pudai Egg Mine, Sud, 7765.433729032783, Walk NW
Sud, Pudai Egg Mine, 7765.433729032783, Walk SE
Salothan Ancestral Tomb, Mamaea, 7789.221077874218, Walk S
Mamaea, Salothan Ancestral Tomb, 7789.221077874218, Walk N
Edras Oril, Thoronor, 7797.2124506133605, Walk W
Thoronor, Edras Oril, 7797.2124506133605, Walk E
Ahallaraddon Egg Mine, Shrine of Azura, 7823.901136900951, Walk S
Shrine of Azura, Ahallaraddon Egg Mine, 7823.901136900951, Walk N
Kudanat, Band Egg Mine, 7872.466576620062, Walk W
Band Egg Mine, Kudanat, 7872.466576620062, Walk E
Ald Sotha, Beshara, 7878.116843510256, Walk S
Beshara, Ald Sotha, 7878.116843510256, Walk N
Andalor Ancestral Tomb, Iveri Llothri, 7887.090464803862, Walk NW
Iveri Llothri, Andalor Ancestral Tomb, 7887.090464803862, Walk SE
Nummu's Yurt, Emul-Ran, 7888.2122816263, Walk SE
Emul-Ran, Nummu's Yurt, 7888.2122816263, Walk NW
Sargon, Andavel Ancestral Tomb, 7973.346223512434, Walk NW
Andavel Ancestral Tomb, Sargon, 7973.346223512434, Walk SE
Heifnir: Trader, Mzuleft, 7998.800722608358, Walk SW
Mzuleft, Heifnir: Trader, 7998.800722608358, Walk NE
Surirulk, Dralas Ancestral Tomb, 8002.241498480285, Walk W
Dralas Ancestral Tomb, Surirulk, 8002.241498480285, Walk E
Andrethi Ancestral Tomb, Zanabi, 8004.991755148783, Walk W
Zanabi, Andrethi Ancestral Tomb, 8004.991755148783, Walk E
Shaman's Hut, Skygge, 8027.066712068612, Walk NW
Skygge, Shaman's Hut, 8027.066712068612, Walk SE
Mal's Yurt, Andas Ancestral Tomb, 8032.321955698738, Walk W
Andas Ancestral Tomb, Mal's Yurt, 8032.321955698738, Walk E
Swims-In-Swells, Snow Bear, 8069.019333227551, Walk SW
Snow Bear, Swims-In-Swells, 8069.019333227551, Walk NE
Ularradallaku, Endusal, 8102.601125564555, Walk S
Endusal, Ularradallaku, 8102.601125564555, Walk N
Arkngthunch-Sturdumz, Ginith Ancestral Tomb, 8152.550766477937, Walk SE
Ginith Ancestral Tomb, Arkngthunch-Sturdumz, 8152.550766477937, Walk NW
Frykte, Benkongerike, 8169.421644155723, Walk NW
Benkongerike, Frykte, 8169.421644155723, Walk SE
Tusenend, Salattanat's Yurt, 8178.002201026849, Walk NW
Salattanat's Yurt, Tusenend, 8178.002201026849, Walk SE
Abebaal Egg Mine, Eretammus-Sennammu Egg Mine, 8184.5630304861115, Walk NW
Eretammus-Sennammu Egg Mine, Abebaal Egg Mine, 8184.5630304861115, Walk SE
Varstaad Caves, The Swimmer, 8194.928431658205, Walk W
The Swimmer, Varstaad Caves, 8194.928431658205, Walk E
Zallay's Yurt, Sendus Sathis, 8255.793117562964, Walk SE
Sendus Sathis, Zallay's Yurt, 8255.793117562964, Walk NW
Sinamusa Egg Mine, Kushtashpi, 8269.17650071638, Walk W
Kushtashpi, Sinamusa Egg Mine, 8269.17650071638, Walk E
Falensarano: Propylon Chamber, Massama Cave, 8291.268479551245, Walk SW
Massama Cave, Falensarano: Propylon Chamber, 8291.268479551245, Walk NE
Salmantu, Zalkin Grotto, 8291.849009720328, Walk SW
Zalkin Grotto, Salmantu, 8291.849009720328, Walk NE
Andules Ancestral Tomb, Gimothran Ancestral Tomb, 8342.951516100282, Walk SW
Gimothran Ancestral Tomb, Andules Ancestral Tomb, 8342.951516100282, Walk NE
Yanemus Mine, Odrosal, 8347.855353322791, Walk W
Odrosal, Yanemus Mine, 8347.855353322791, Walk E
Deserted Shipwreck, Hinnabi, 8358.964349726586, Walk W
Hinnabi, Deserted Shipwreck, 8358.964349726586, Walk E
Zenarbael, Marsus Tullius, 8385.828820098823, Walk N
Marsus Tullius, Zenarbael, 8385.828820098823, Walk S
Dubdilla, Kitbael's Yurt, 8430.614805576162, Walk NW
Kitbael's Yurt, Dubdilla, 8430.614805576162, Walk SE
Helan Ancestral Tomb, Underworks, 8457.460907388222, Walk SW
Underworks, Helan Ancestral Tomb, 8457.460907388222, Walk NE
Forgotten Shipwreck, Arkngthunch-Sturdumz, 8494.370488741351, Walk SW
Arkngthunch-Sturdumz, Forgotten Shipwreck, 8494.370488741351, Walk NE
Ainab, Indaren Ancestral Tomb, 8497.528876090979, Walk W
Indaren Ancestral Tomb, Ainab, 8497.528876090979, Walk E
Falanu Indaren, Drerel Indaren, 8517.446154804855, Walk W
Drerel Indaren, Falanu Indaren, 8517.446154804855, Walk E
Sjorvar Horse-Mouth's House, Pemenie, 8526.902954766168, Walk E
Pemenie, Sjorvar Horse-Mouth's House, 8526.902954766168, Walk W
Ilanipu Grotto, Ainab, 8538.383570676595, Walk SW
Ainab, Ilanipu Grotto, 8538.383570676595, Walk NE
Othrelas Ancestral Tomb, Balur Salvu, 8612.091790035682, Walk NW
Balur Salvu, Othrelas Ancestral Tomb, 8612.091790035682, Walk SE
Verelnim Ancestral Tomb, Lonely Shipwreck, 8624.74961955418, Walk S
Lonely Shipwreck, Verelnim Ancestral Tomb, 8624.74961955418, Walk N
Baram Ancestral Tomb, Vassamsi Grotto, 8625.163708591275, Walk NW
Vassamsi Grotto, Baram Ancestral Tomb, 8625.163708591275, Walk SE
Esutanamus, Pinsun, 8654.90387006118, Walk W
Pinsun, Esutanamus, 8654.90387006118, Walk E
Nchuleft, Mubdan Esurnadarpal, 8732.354779783056, Walk SW
Mubdan Esurnadarpal, Nchuleft, 8732.354779783056, Walk NE
Lleran Ancestral Tomb, Tarhiel, 8860.031602652442, Walk S
Tarhiel, Lleran Ancestral Tomb, 8860.031602652442, Walk N
Matus-Akin Egg Mine, Maesa-Shammus Egg Mine, 8894.760311554213, Walk W
Maesa-Shammus Egg Mine, Matus-Akin Egg Mine, 8894.760311554213, Walk E
Telvanni Waistworks, Tinos Drothan, 8921.41384534985, Walk N
Tinos Drothan, Telvanni Waistworks, 8921.41384534985, Walk S
Mzuleft, Statue of Malacath, 8992.289196861942, Walk W
Statue of Malacath, Mzuleft, 8992.289196861942, Walk E
Shulk Egg Mine, Gols' House, 8995.552790129132, Walk SW
Gols' House, Shulk Egg Mine, 8995.552790129132, Walk NE
Hlervu Ancestral Tomb, Boat Transport: Holamayan, 8996.030513509833, Walk N
Boat Transport: Holamayan, Hlervu Ancestral Tomb, 8996.030513509833, Walk S
Ainab, Zergonipal, 9080.422126751597, Walk S
Zergonipal, Ainab, 9080.422126751597, Walk N
Verelnim Ancestral Tomb, Kaushtarari, 9105.258755246881, Walk NW
Kaushtarari, Verelnim Ancestral Tomb, 9105.258755246881, Walk SE
Drulene Falen's Hut, Telvayn Ancestral Tomb, 9116.288773398965, Walk S
Telvayn Ancestral Tomb, Drulene Falen's Hut, 9116.288773398965, Walk N
Stahlman's Gorge, Mortrag Glacier, 9145.95539022578, Walk E
Mortrag Glacier, Stahlman's Gorge, 9145.95539022578, Walk W
Mzanchend, Zalkin-Sul Egg Mine, 9167.150047861112, Walk W
Zalkin-Sul Egg Mine, Mzanchend, 9167.150047861112, Walk E
Saren Ancestral Tomb, Missamsi, 9201.901107923297, Walk W
Missamsi, Saren Ancestral Tomb, 9201.901107923297, Walk E
Aryon Ancestral Tomb, Shishara, 9210.461009091781, Walk S
Shishara, Aryon Ancestral Tomb, 9210.461009091781, Walk N
Shishara, Odaishah, 9228.448406964195, Walk W
Odaishah, Shishara, 9228.448406964195, Walk E
Gyldenhul Barrow, Tombs of Skaalara, 9259.600261350379, Walk W
Tombs of Skaalara, Gyldenhul Barrow, 9259.600261350379, Walk E
Obscure Shipwreck, Onnissiralis, 9306.241185355128, Walk SE
Onnissiralis, Obscure Shipwreck, 9306.241185355128, Walk NW
Rethandus Ancestral Tomb, Palansour, 9310.7666709031, Walk NW
Palansour, Rethandus Ancestral Tomb, 9310.7666709031, Walk SE
Andalen Ancestral Tomb, Zebabi, 9360.910906530411, Walk NW
Zebabi, Andalen Ancestral Tomb, 9360.910906530411, Walk SE
Manat's Yurt, Dushariran, 9377.919278816596, Walk SW
Dushariran, Manat's Yurt, 9377.919278816596, Walk NE
Venim Ancestral Tomb, Kuda's Yurt, 9381.93098461079, Walk S
Kuda's Yurt, Venim Ancestral Tomb, 9381.93098461079, Walk N
Connorflenge Barrow, Glenschul's Tomb, 9476.189212969526, Walk NW
Glenschul's Tomb, Connorflenge Barrow, 9476.189212969526, Walk SE
Deserted Shipwreck, Bal Fell, 9492.763190978694, Walk S
Bal Fell, Deserted Shipwreck, 9492.763190978694, Walk N
Mababi, Piran, 9650.98969018204, Walk W
Piran, Mababi, 9650.98969018204, Walk E
Nchuleftingth, Mababi, 9661.04352541691, Walk W
Mababi, Nchuleftingth, 9661.04352541691, Walk E
Sadryon Ancestral Tomb, Telvanni Council House, 9747.430276744739, Walk S
Telvanni Council House, Sadryon Ancestral Tomb, 9747.430276744739, Walk N
Propylon Chamber, Koal Cave, 9749.906307242136, Walk W
Koal Cave, Propylon Chamber, 9749.906307242136, Walk E
Koal Cave, Subdun, 9922.31757201915, Walk S
Subdun, Koal Cave, 9922.31757201915, Walk N
Ashurnibibi, Sunken Shrine of Boethiah, 9924.024284532963, Walk W
Sunken Shrine of Boethiah, Ashurnibibi, 9924.024284532963, Walk E
Dunirai Caverns, Aryon Ancestral Tomb, 10013.222158725932, Walk SW
Aryon Ancestral Tomb, Dunirai Caverns, 10013.222158725932, Walk NE
Ravel Ancestral Tomb, Nchurdamz, 10021.930452762082, Walk SW
Nchurdamz, Ravel Ancestral Tomb, 10021.930452762082, Walk NE
Abernanit, Aleft, 10043.891327568215, Walk S
Aleft, Abernanit, 10043.891327568215, Walk N
Veloth Ancestral Tomb, Sarimisun-Assa Egg Mine, 10092.421562737061, Walk S
Sarimisun-Assa Egg Mine, Veloth Ancestral Tomb, 10092.421562737061, Walk N
Shushan, Zennammu's Yurt, 10320.11414665555, Walk S
Zennammu's Yurt, Shushan, 10320.11414665555, Walk N
Giron Manas's Shack, Arys Ancestral Tomb, 10369.868128380418, Walk W
Arys Ancestral Tomb, Giron Manas's Shack, 10369.868128380418, Walk E
Kora-Dur, Ahanibi-Malmus Egg Mine, 10420.642302660619, Walk S
Ahanibi-Malmus Egg Mine, Kora-Dur, 10420.642302660619, Walk N
Tin-Ahhe, Salvel Ancestral Tomb, 10434.884283019146, Walk SW
Salvel Ancestral Tomb, Tin-Ahhe, 10434.884283019146, Walk NE
Alas Ancestral Tomb, Mount Assarnibibi, 10485.354548130454, Walk E
Mount Assarnibibi, Alas Ancestral Tomb, 10485.354548130454, Walk W
Massama Cave, Maelu Egg Mine, 10530.381806943184, Walk NW
Maelu Egg Mine, Massama Cave, 10530.381806943184, Walk SE
Tel Fyr, Mal's Yurt, 10542.789763625186, Walk SW
Mal's Yurt, Tel Fyr, 10542.789763625186, Walk NE
Matus-Akin Egg Mine, Nchardumz, 10943.038928926462, Walk SW
Nchardumz, Matus-Akin Egg Mine, 10943.038928926462, Walk NE
Arethan Ancestral Tomb, Nchuleftingth, 10958.666570345134, Walk W
Nchuleftingth, Arethan Ancestral Tomb, 10958.666570345134, Walk E
Maelkashishi, Reloth Ancestral Tomb, 10959.699357190415, Walk SW
Reloth Ancestral Tomb, Maelkashishi, 10959.699357190415, Walk NE
Masseranit, Mul Grotto, 10960.908903918507, Walk W
Mul Grotto, Masseranit, 10960.908903918507, Walk E
Abinabi, Shishi, 11024.966757319498, Walk S
Shishi, Abinabi, 11024.966757319498, Walk N
Nissintu, Arkngthand, 11113.03221447684, Walk W
Arkngthand, Nissintu, 11113.03221447684, Walk E
Eluba-Addon Egg Mine, Yasammidan, 11114.683981112554, Walk NW
Yasammidan, Eluba-Addon Egg Mine, 11114.683981112554, Walk SE
Hlervi Ancestral Tomb, Strange Shipwreck, 11172.458860966999, Walk S
Strange Shipwreck, Hlervi Ancestral Tomb, 11172.458860966999, Walk N
Habinbaes, Rayna Drolan's Shack, 11193.394882697563, Walk NW
Rayna Drolan's Shack, Habinbaes, 11193.394882697563, Walk SE
Aleft, Addadshashanammu, 11288.878243652023, Walk SW
Addadshashanammu, Aleft, 11288.878243652023, Walk NE
Orethi Ancestral Tomb, Ashmelech, 11436.254806535224, Walk S
Ashmelech, Orethi Ancestral Tomb, 11436.254806535224, Walk N
Andre Maul's Tower, Malmus Grotto, 11521.767442541097, Walk NW
Malmus Grotto, Andre Maul's Tower, 11521.767442541097, Walk SE
Assalkushalit, Kogoruhn: Charma's Breath, 11579.158734554077, Walk W
Kogoruhn: Charma's Breath, Assalkushalit, 11579.158734554077, Walk E
Leather-Sealed Chest, Snow Bear, 11609.280511728537, Walk E
Snow Bear, Leather-Sealed Chest, 11609.280511728537, Walk W
Yansirramus, Arlowe, 11971.767496907047, Walk NE
Arlowe, Yansirramus, 11971.767496907047, Walk SW
Eastern Guard Tower, Ernil Omoran, 12027.807323032739, Walk NE
Ernil Omoran, Eastern Guard Tower, 12027.807323032739, Walk SW
Odirniran, Savel Ancestral Tomb, 12173.48105514606, Walk W
Savel Ancestral Tomb, Odirniran, 12173.48105514606, Walk E
Obscure Shipwreck, Big Head's Shack, 12332.844967808524, Walk NW
Big Head's Shack, Obscure Shipwreck, 12332.844967808524, Walk SE
Nammu, Ienith Ancestral Tomb, 12438.697078070516, Walk N
Ienith Ancestral Tomb, Nammu, 12438.697078070516, Walk S
Dreloth Ancestral Tomb, Zebabi, 12489.437777578301, Walk SW
Zebabi, Dreloth Ancestral Tomb, 12489.437777578301, Walk NE
Tureynulal, Yanemus Mine, 12546.341498620226, Walk S
Yanemus Mine, Tureynulal, 12546.341498620226, Walk N
Bthanchend, Huleen's Hut, 12831.923082687177, Walk NW
Huleen's Hut, Bthanchend, 12831.923082687177, Walk SE
Sewers, Ashalmimilkala, 12972.20925671491, Walk SW
Ashalmimilkala, Sewers, 12972.20925671491, Walk NE
Piran, Aran Ancestral Tomb, 13085.439732771689, Walk N
Aran Ancestral Tomb, Piran, 13085.439732771689, Walk S
Abanabi, Wolverine Hall, 13341.186791286598, Walk NE
Wolverine Hall, Abanabi, 13341.186791286598, Walk SW
Omani Manor, Ansi, 14231.667857282224, Walk S
Ansi, Omani Manor, 14231.667857282224, Walk N
Ald Daedroth, Setus Egg Mine, 14993.289832455052, Walk SW
Setus Egg Mine, Ald Daedroth, 14993.289832455052, Walk NE
Sanabi, Sulipund, 15101.02844179826, Walk S
Sulipund, Sanabi, 15101.02844179826, Walk N
Elith-Pal Mine, Mubdan Esurnadarpal, 15205.450141314463, Walk N
Mubdan Esurnadarpal, Elith-Pal Mine, 15205.450141314463, Walk S
Argonian Mission, Mudan Grotto, 15693.069170815505, Walk SW
Mudan Grotto, Argonian Mission, 15693.069170815505, Walk NE
Assumanu, Ald Redaynia, 15872.335996947646, Walk NW
Ald Redaynia, Assumanu, 15872.335996947646, Walk SE
